distancia_km,peso_paquete_kg,viento_kmh,temperatura_c,altitud_promedio_m,porcentaje_bateria_inicio,velocidad_dron_kmh,numero_obstaculos,tiempo_entrega_min
2.26,0.62,16.29,8.23,1081.44,42.29,54.49,5,12.27
4.24,2.89,28.07,9.91,1087.09,86.42,73.32,6,17.28
2.68,1.71,17.93,32.16,111.32,48.53,68.45,0,5.13
12.45,2.45,1.47,14.15,626,68.98,70.17,10,22.18
13.65,4.08,12.61,16.95,923.13,70.77,62.67,10,27.91
21,2.7,16.78,20.3,1016.81,78.73,64.92,1,25.1
22.93,3.36,6.81,15.11,469.43,44.4,50.12,9,37.97
15.07,4.19,14.54,31.88,1197.06,64.34,52.56,0,26.86
16.33,4.96,38.56,23.9,280.05,69.03,34.77,8,39.42
2.06,0.85,7.73,12.69,422.46,56.32,48.88,6,9.61
1.01,3.16,20.41,26.21,99.49,93.85,68.77,6,10.83
10.7,4.93,10.5,19.18,900.98,60.09,44.16,10,30.62
16.27,0.99,38.53,6.93,1043.67,48.64,61.78,11,36.44
2.37,2.69,21.5,9.38,787.12,94.95,67.69,6,14.38
9.84,2.77,13.51,8.59,200.16,75.36,48.77,11,23.92
9.39,4.38,29.61,34.41,802.6,58.23,68.51,0,21.11
4.81,1.76,20.67,21.7,412.29,46.29,64.95,3,13.03
7.52,2.63,8.13,14.66,477.8,96.3,29.42,3,19.1
13.12,3.84,35.64,5.51,321.9,53.86,58.01,1,21.62
23.3,4.08,21.37,28.58,580.75,83.83,67.73,4,32.4
18.13,4.18,34.69,15.22,1097.4,90.42,75.87,9,28.64
19.97,3.12,19.78,25.87,146.78,43.15,72.39,5,21.57
23.98,4.31,12.62,11.5,538.86,88.69,35.59,2,44.77
21.2,2,10.62,32.73,1027.6,62.58,28.8,4,55.65
3.94,1.47,32.79,14.67,1133.07,43.1,46.36,1,12.98
17.95,1.36,17.82,30.23,675.32,60.64,77.18,7,24.35
13.02,4.55,11,33.65,218.65,41.19,61.31,11,26.62
12.29,2.8,13.03,16.09,1130.1,75.86,26.77,8,42.02
22.59,4.46,30.97,13.66,696.13,98.88,42.63,6,45.15
21.92,1.57,39.82,15.73,52.09,40.78,62.06,3,33.55
2.12,2.72,30.55,32.81,1007.57,58.17,72.61,7,16.67
3.48,3.14,22.3,29.22,624.85,95.33,59.95,6,15.93
10.75,4,4.44,22.1,914.04,66.16,44.61,7,28.57
24.45,4.87,9.78,11.25,484.38,41.55,47.67,5,44.24
14.13,0.4,37.66,26.92,1054.96,66.14,41.03,2,30.62
16.43,1.76,20.62,27.46,943.29,67.95,47.79,8,34.32
16.9,2.29,22.42,16.7,1180.41,69.82,27.34,2,44.35
3.56,0.79,37.06,15.59,737.53,66.7,44.42,5,16.25
6.12,4.7,4.23,29.89,903.61,75.57,42.87,1,16.54
10.22,2.21,35.05,9.22,1035.33,49.75,68.67,5,21.53
1.77,0.9,18.3,33.11,793.57,43.58,33.34,7,13.25
1.99,2.31,32.48,11.19,286.97,87.09,43.78,2,8.69
3.15,0.25,13.1,17.02,944.27,88.88,28.19,1,12.7
6.63,2.88,0.03,31.55,1073.59,78.45,73.28,8,16.8
7.32,2.22,39.38,16.03,751.31,90.79,73.22,9,19.91
21.2,4.04,20.25,5.09,352.96,62.71,35.1,5,47.48
11.67,0.7,23.85,27.37,238.47,78.09,28.88,3,28.74
12.54,3.34,22.11,21.34,464.75,55.62,26.71,10,39.06
17.14,3.94,14.62,8.02,1199.9,76.28,39.87,1,32.99
9.67,1.41,3.71,12.8,950.9,91.85,61.64,1,17.23
24.4,1.78,31.97,24.14,914.47,79.48,49.17,3,43.98
15.86,4.68,17.64,16.65,1114.01,93.69,76.86,2,23.32
20.69,0.84,0.01,11.29,1098.92,88.46,32.13,1,43.54
5.04,4.44,33.12,6.95,28.59,87.47,46.65,9,19.76
2.29,3.44,28.57,31.25,373.69,72.84,61.4,0,8.43
22.13,1.16,8.48,6.35,78.79,87.95,78.43,2,16.72
16.99,2.84,35.9,6.88,693.95,51.39,56.31,6,30.42
2.79,4.19,8.65,18.18,1126.71,95.55,63.57,3,7.68
17.2,0.95,25.75,7.96,856.71,90.25,68.84,7,24.14
5.38,3.36,38.97,24.74,124.72,42.61,33.37,12,23.89
16.46,3.95,26.45,14.06,612.13,82.35,40.6,2,29.86
23.24,0.64,34.19,5.07,696.42,82.55,53.59,9,37.32
23.64,3.08,18.16,24.66,752.31,89.66,51.37,5,36.23
9.96,3.75,33.34,27.91,1197.24,79.14,78.39,3,24.62
5.06,2,23.44,19.72,446.94,65.28,34.75,1,17.68
6.56,2.04,5.43,25.39,119.32,96.19,76.32,12,12.32
6.56,3.21,21.01,15.06,1125.33,77.9,47.89,12,23.81
17.23,1.05,4.08,26.38,63.28,70.95,67.56,5,16.77
23.4,0.87,32.29,10.02,823.07,84.66,34.84,8,54.05
16.7,3.91,19.44,25.06,564.72,56.6,79.29,8,23.37
16.32,1.28,17.08,30.46,566.86,59.11,60.08,6,22.85
11.64,0.27,1.52,34.15,438.17,86.7,78.38,8,8.47
17.68,4.62,19.04,28.06,706.32,60.47,37.85,2,39.49
20.58,4.22,17.14,30.14,417.83,78.94,31.88,5,49.38
14.07,3.44,13.84,28.85,141.72,47.71,53.44,9,23.56
17.9,0.51,7.54,15.47,394.91,64.88,51.86,6,26.11
2.76,2.65,15.02,10.88,107.57,47.26,34.62,1,10.53
16.49,4.62,37.16,18.1,536.85,42.42,27.84,4,47.52
23.72,2.08,33.33,26.95,441.34,43.79,58.31,1,34.74
8.71,4.16,32.15,14.48,344.47,59.19,50.94,3,20.91
13.83,4.36,24.63,30.15,249.59,54.44,51.17,3,27.8
4.9,2.43,31.56,19.28,536.31,88.45,39.83,11,17.36
22.92,0.58,15.75,18.98,118.25,92.29,71.44,6,21.04
4.1,3.92,6.44,17.49,611.08,80.62,40,3,11.97
19.65,1.04,20.81,32.24,500.69,84.19,29.56,6,45.69
17.66,4.7,39.54,15.33,705.49,48.38,78.18,4,27.62
10.98,0.97,10.73,11.96,979.78,57.8,57.34,0,17.14
23.13,1.12,17.89,10.43,926.03,77.36,69.08,5,27.37
1.95,1.37,13.9,7.51,1095.35,66.11,30.2,8,12.78
6.69,0.69,35.64,12.13,368.23,67.03,32.03,5,20.91
18.71,4.79,24.62,14.33,518.25,76.06,75.29,2,25.02
17.13,2.32,5.85,25.38,842.83,87.5,33.74,2,37.79
6.58,4.5,4.75,14.08,212.66,40.98,64.55,10,18.53
14.26,4.04,31.72,17.95,861.67,92.04,68.48,4,23.92
14.48,1.48,38.61,23.52,1178.21,40.53,64.15,1,24.51
12.72,1.09,12.93,7.16,653.45,45.75,49.8,0,21.05
4.39,1.8,17.64,27.45,561.32,58.14,63.31,7,15.62
3.99,4.88,38.4,26.07,320.88,71.62,30.69,10,23.29
18.13,2,18.01,16.62,214.06,50.77,62.14,3,22.74
20.58,3.44,9.75,29.18,446.28,49.66,79.63,5,20.51
21.06,4.87,15.82,26.07,824.73,40.34,75.66,7,30.98
4.71,3.08,17.79,26.4,384.39,82.68,60.89,5,15.19
11.9,3.41,9.5,12.79,964.1,50.94,35.03,12,34.69
13.74,1.03,11.06,17.04,569.3,62.9,48.07,12,26.93
17.66,1.76,5.4,11.97,922.78,99.98,41.62,1,31.08
11.02,4.72,18.29,27.3,742.97,43.32,33.15,12,35.89
11.27,0.69,19.77,32.29,745.41,77.31,68.19,2,17.46
17.53,0.52,20.42,20.12,645.03,69.79,60.1,3,23.5
8.78,2.08,25.11,10.96,746.64,89.59,26.92,10,30.96
21.74,1.54,18.82,9.11,983.06,59.24,38.6,1,41.61
23.8,3.24,38.28,8.19,525.63,43.37,66.33,5,31.59
2.01,3.19,38.22,28.21,406.86,46.38,59.94,12,15.9
24.22,4.13,25.68,12.38,705.95,58.62,57.39,4,39.4
19.38,1.42,25.04,16.07,701.27,49.49,52.34,1,28.64
16.5,0.89,17.4,6.48,432.74,80.82,60.42,3,20.69
6.48,4.39,5.08,12.43,164.16,74.94,46.04,11,19.54
5.57,0.23,29.55,24,1158.22,76.36,37.49,10,23.41
12.96,1.82,26.88,16.92,1155.48,43.87,78.63,10,26.58
19.59,4.9,27.72,30.19,508.09,59.64,44.68,11,39.61
5.44,2.3,13.67,18.74,938.09,46.59,52.37,9,17.52
23.42,0.47,2.51,26.47,114.49,60.15,35.47,4,41.76
11.62,0.37,20.27,19.31,663.19,81.54,65.45,7,22.43
18.81,2.99,26.81,12.14,507.39,67.68,61.31,5,30.31
2.73,4.59,23.38,11.93,666.92,54.94,38.49,1,11.78
21.9,1.48,24.96,7.85,281.98,80.88,45.5,5,36.91
13.34,1.7,32.14,26.07,850.17,44.73,61.88,8,26.81
16.64,2.68,9.81,30.53,1097.13,91.61,36.51,6,36.78
19.44,4.22,4.03,19.21,236.33,90.34,54.12,11,31.09
1.25,2.84,26.54,33.86,873.22,49.16,77.45,9,17.88
16.38,1.65,10.39,32.97,1036.6,41.09,29.95,8,48.09
2.85,2.17,29.16,24.99,406.33,47.58,61.79,12,19.69
13.89,3.06,12.37,27.21,1082.62,93.04,59.8,9,26.4
23.58,1.01,31.11,28.5,545.7,44.32,50.92,3,35.19
10.34,1.75,30.32,21.01,1138.25,80.13,55.27,8,25.93
18.6,3.68,4.3,25.49,166.56,93.16,32.63,10,45.38
3.91,4.41,5.6,12.44,118.97,97.77,57.13,4,8.68
9.11,1.72,27.46,13.87,296.37,98.69,56.18,0,15.43
11.21,4.13,1.4,30.9,268.07,67.7,54.78,7,18.41
2.71,1.25,27.16,20.37,821.4,47.89,35.15,1,10.04
11.03,3.7,17.96,9.76,347.95,77.03,72.22,3,18.53
11.51,1.02,11.85,13.98,1145.35,43.35,74.2,7,21.23
9.74,4.24,5.7,34.58,1071.71,84.74,70.67,9,25.05
2.54,3.87,33.2,5.66,662.54,47.38,34.79,12,19.56
13.82,2.69,2.37,7.7,557.86,68.75,70.13,12,21.69
21.11,2.66,7.27,17.65,584.11,41.49,63.12,9,30.42
10.21,3.23,29.74,22.29,643.02,50.4,74.69,12,28.69
5.27,0.29,33.93,14.41,596.45,98.78,54.54,11,17.54
3.69,1.28,23.39,26.06,1056.14,93.39,45.41,11,19.7
1.55,1.63,38.25,24.81,42.64,91.06,63.83,9,13.53
12.47,1.26,34.19,8.61,661.99,62.59,30.71,3,29.49
5.74,1.25,31.16,24.25,970.92,71.86,65.89,2,14.85
16.81,3.44,23.38,5.15,671.17,66.1,29.5,5,46.81
17,2.15,32.79,24.5,1024.31,74.11,77.6,12,32.02
24.15,3.93,37.7,32.51,806.34,61.78,74.57,0,30.28
17.87,4.21,36.28,34.74,728.29,95.62,30.55,4,46.1
7.38,0.98,21.44,20.62,1197.26,72.95,41.57,4,18.67
10.34,3.34,21.62,15.72,102.31,55.58,28.97,3,33.3
24.89,2.64,24.45,20.55,152.83,55.91,43.47,6,44.48
7.54,1.07,7.62,28.78,1121.38,67.52,47.56,0,15.97
15.83,0.45,13.52,20.59,37.82,68.85,74.22,5,17.74
17.66,1.98,34.6,34.51,1043.46,98.26,27.58,10,51.64
5.28,4.89,10.18,20.37,401.8,80.01,61.4,7,11.06
7.85,2.79,34.38,31.37,269.7,94.95,62.81,12,17.86
11.19,1.91,19.76,30.62,703.59,78.68,74.34,8,17.05
4.36,4.37,38.29,32.41,82.38,57.22,31.83,7,17.61
16.07,3.58,25.23,24.93,257.72,44.64,31.09,10,47.95
16.69,0.46,17.6,25.98,618.17,93.67,28.3,3,39.28
16.49,0.22,38.07,34.66,934.12,54.74,26.99,11,52.01
20.71,1.33,32.35,15.35,386.19,48.38,75.96,8,28.82
21.82,3.9,39.68,7.01,661.24,76.86,44.29,10,47.15
22.17,3.6,32.79,17.3,65.19,53.7,59.61,0,31.37
22.58,1.2,30.33,29.39,1059.57,76.05,47.04,12,42
13.94,2.41,12.46,7.77,504.98,84.64,37.9,9,33.11
5.87,1.77,5.33,8.07,73.89,86.41,69.82,11,10.89
2.99,2.69,21.51,14.51,588.32,73.94,29.19,5,16.54
10.75,3.66,29.28,20.69,370.2,86.26,75.33,8,19.56
12.61,1.28,18.77,24.79,96.78,58.9,36.14,1,27.03
9.19,4.67,39.79,32.86,512.5,42.26,66.63,7,22.54
23.23,0.5,18.12,14.23,477.49,48.16,35.13,4,45.48
21.59,3.79,6.09,22.02,431.79,93.29,53.36,3,28.95
15.63,2.02,39.27,14.27,255.09,45.14,71.55,2,22.07
14.88,4.53,26.91,7.9,267.87,67.84,68.92,12,25.63
6.54,2.02,37.22,23.56,1089.81,59.22,31.47,0,26.56
5.66,1.85,36.82,13.16,447.73,74.69,48.16,7,18.65
7.42,0.53,31.25,13.89,241.08,88.1,48.16,5,15.39
4.35,3.16,12.37,34.44,496.09,71.69,69.9,8,14.46
14.04,3.22,36.62,12.63,440.19,92.97,54.19,0,23.07
17.22,1.04,32.47,6.32,771.75,44.05,31.89,3,37.45
18.18,0.97,32.35,27.46,642.95,70.29,25.83,8,54.25
3.67,3.48,8.88,10.93,222.59,42.15,29.08,10,16.73
9.88,4.01,9.64,25.87,794.3,85.29,70.6,5,17.58
17.86,3.27,20.31,13.35,644.43,80.22,39.68,7,38.48
17.56,4.02,13.1,16.46,21.75,61.81,49.84,8,29.08
10.83,0.3,6.97,31.04,11.1,84.72,50.08,8,17.38
24.31,4.85,16.83,27.7,706.99,79.48,63.9,7,33.21
9.04,3.64,11.76,20.83,389.05,59.14,40.11,12,25.53
16.81,3.8,30.09,9.77,747.21,84.14,35.18,10,45.39
19.67,4.01,28.37,34.94,1176.44,57.91,67.54,1,26.78
7.29,4.88,6.34,21.1,997.88,40.27,39.25,1,15.97
4.47,2.16,2.24,6.18,1075.02,64.96,29.75,9,18.5
24.18,1.51,26.16,22.2,1196.42,68.5,63.2,12,39.51
15.91,2.55,4.43,18.39,258.25,59.47,38.2,1,28.07
16.34,1.6,29.64,17.29,886.07,55.83,34.71,5,38.32
15.44,4.87,11.36,14.54,160.2,81.93,76.79,2,17.67
22.8,3,3.16,7.93,863,96.78,78.94,6,26.68
14.63,1.87,2.82,11.07,912.88,69.16,56.94,11,27.19
12.86,1.26,33.66,28.19,436,68.69,65.56,7,22
11.56,2.61,20.77,13.97,7.11,71.87,53.27,7,21.57
20.33,2.92,13.34,7.12,710.77,42.22,26.31,11,61.04
13.78,0.68,24.33,20.12,851.81,94.75,36.18,7,33.68
16.19,2.41,34.82,29.54,1110.01,66.45,34.55,1,40
18.69,3.76,29.98,13.08,1039.11,51.54,28.94,7,57.65
24.76,0.65,8.61,23.09,911.28,63.74,58.69,3,32.03
21.13,3.13,11.37,9.21,1035.12,65.37,63.05,6,29.82
20.87,4.42,17.4,16.16,712.96,75.15,67.42,2,26.17
19.29,4.92,2.31,30.9,804.92,75.54,79.91,6,25
19.91,2.65,6.48,8.51,465.3,42.71,54.37,2,24.93
12.58,1.46,11.14,32.04,538.45,90.14,51.02,9,23.53
19.04,3.96,10.67,30.19,145.07,74.4,37.45,9,39.8
5.33,1.3,28.76,7.23,1012.13,68.86,56.24,8,21.59
13.91,3.65,13.09,9.18,867.53,72.68,27.74,5,39.43
1.02,1.43,11.04,11.52,53.64,91.14,71.71,11,9.34
4.46,1.42,4.41,19.49,1171.04,71.83,65.42,5,13.49
21.24,3.27,28.72,23.25,892.21,74.72,25.69,10,66.38
16.2,4.24,17.04,15.38,185.02,44.53,41.43,8,32.32
14.13,1.76,28.45,12.38,1195.91,80.82,32.86,3,31.79
7.5,4.69,36.67,29.82,385.2,97.26,28.34,7,30.61
18.59,3.19,25.63,24.84,477.97,49.68,73.21,4,23.21
15.64,4.67,14.48,14.65,646.34,87.55,69.48,10,26.89
1.28,2.26,8.79,32.96,347.96,43.77,46.1,3,5.36
15.25,4.03,38.85,28.12,620.29,76.9,46.09,12,33
18.41,3.9,37.68,26.53,52.42,47.04,61.44,12,31.68
1.23,3.47,15.59,24.36,270.32,85.35,49.44,12,14.4
7.08,1.76,11,9.86,726.87,53.94,66.97,11,15.01
12.13,4.58,36.69,19.21,113.91,96.95,76.72,4,17.07
5.47,0.42,5.38,11.64,866.72,49.48,53.3,10,15.86
17.88,1.18,5.21,14.85,296.46,93.53,29.19,11,46.56
2.21,1.24,19.18,34.52,877.25,76.4,79.56,12,13.9
4.57,4.85,32.87,31.65,505.59,52.79,62.7,0,12.71
14.89,0.72,31.93,12.58,845.41,91.27,53.34,0,23.89
24.91,2.17,7.27,12.02,696.03,47.14,33.21,6,52.31
2.86,2.95,18.18,11.41,345.4,87.44,34.17,9,13.99
23.66,4.01,26.81,28.35,1117.51,84.35,48.64,0,40.77
4.44,2.11,38.77,31.03,1138.41,41.24,28.25,3,23.97
3.98,2.14,22.45,26.64,81.91,70.33,33.22,9,15.97
18.17,3.14,16.34,9,384.4,80.29,47.66,12,33.82
8.13,2.94,5.51,10.27,245.09,49.09,29.22,7,23.27
3.27,1.24,19.7,28.52,502.27,99.67,64.08,0,5.8
1.72,1.98,14.36,26.85,165.03,84.26,65.53,2,3.12
5.59,2.86,37.73,17.13,1124.05,60.69,66.94,11,25.31
15.26,0.26,20.72,20.12,1128.46,89.66,45.81,12,32.76
21.86,4.63,38.36,11.34,1002.94,58,42.86,10,51.68
14.13,0.22,1.34,22.1,1147.65,90.1,30.99,6,32.51
24.85,0.86,3.04,15,415.92,57.1,50.85,3,32.43
14.94,4.24,17.54,25.19,1171.26,69.71,28.47,2,40.63
20.47,3.84,33.43,15.57,633.8,96.08,62.22,6,33.71
7.67,0.79,30.41,31.71,484.43,51.09,51.01,12,19.39
1.95,4.8,34.74,19.67,1116.38,59.1,50.27,6,19.02
5.03,1.32,25.48,5.74,74.43,99.29,36.01,12,16.44
21.68,1.49,29.97,20.98,5.15,54.08,33.21,9,49.89
5.03,2.94,22.41,30.55,38.8,89.76,41.72,6,13.85
18.09,4.72,22.15,22.86,446.84,47.08,71.32,12,30.11
15.63,4.63,10.79,23.8,1084.68,42.77,59.46,11,33.06
13.25,1.99,11.16,17.27,111.58,86.71,48.27,1,20.69
4.01,2.35,35.26,13.25,525.32,58.24,42.13,9,17.53
17.32,3.65,35.15,10.07,758.84,41.66,78.41,5,23.66
3.07,2.12,8.63,16.94,141.48,59.3,48.57,3,4.84
4.94,2.63,6.18,7.98,458.79,86.49,55.64,12,16.63
22.14,4.08,3.18,26.55,1155.05,42.23,31.95,4,51.96
22.78,2.8,21.79,32.19,353.63,79.8,33.88,8,49.08
14.32,1.94,34.91,23.23,337.09,42.24,54.55,10,26.31
1.5,1.8,36.69,29.74,839.16,41.18,31.45,4,14.28
11.4,0.59,7.37,16.44,220.2,41.66,26.13,0,26.09
1.39,2.4,32.78,18.3,784.58,64.33,45.91,6,14.52
16.84,1.14,3.61,17.75,1002.88,70.56,42.85,3,29.09
4.5,4.05,13.22,9.12,86.18,64.77,37.58,9,18.2
1.33,3.53,15.96,17.32,198.01,93.1,28.11,1,6.87
18.33,4.65,15.09,11.96,316.92,78.85,43.38,7,33.85
18.17,4.75,28.03,28.27,633.39,82.05,48.17,6,32.78
15.94,2.36,6.33,10.19,28.37,67.24,30.56,4,35.52
17.71,3.04,39.32,5.82,53.96,52.24,59.81,10,33.82
9.37,1.39,10.42,28.59,593.17,89.54,38.38,12,26.98
24.9,2.91,31.86,19.68,298.88,42.27,38.57,10,51.18
20.44,3.05,26.71,25.12,230.15,74.6,55.29,7,30.38
2.45,2.75,30.45,10.13,1190.16,94.79,33.21,9,24.09
12.24,4.32,11.4,18.83,1183.29,99.81,37.8,1,28.94
5.74,4.92,35.59,26.29,431.49,80.24,33.27,0,18.43
13.61,4.5,33.62,28.61,402.62,64.82,65.5,4,26.96
12.95,4.67,7.13,25.21,1053.88,47.57,68.61,5,22.46
5.44,4.78,15.58,14.49,254.89,52.11,36.03,5,16.86
8.01,1.2,3.24,8.16,1185.78,62.97,61.39,12,22.93
5,3.6,17.93,22.35,929.45,85.07,28.23,9,23.86
19.81,0.42,19.99,27.81,1107.59,55.41,57.2,12,36.28
24.36,1.69,6.42,34.68,246.07,79.55,44.46,5,34.88
10.16,3.67,14.76,21.21,502.95,67.9,30.68,10,31.7
8.42,1.56,25.87,25.36,819.35,75.36,67.56,8,20.17
17.97,0.74,20.95,10.55,1089.89,47.1,70.49,11,28.75
5.02,4.97,17.06,22.87,206.56,92.61,74.24,1,8.99
10.17,0.67,26.14,6.92,501.6,98.64,50.32,4,18.59
22.74,0.21,1.63,27.39,661.38,47.03,25.86,12,60.97
15.15,3.25,32.45,34.88,688.36,73.34,58.94,7,31.49
7.47,4.71,32.6,17.72,607.08,82.95,40.61,12,28.6
15.15,4.22,2.97,5.35,1123.27,59.84,35.4,1,35.2
1.84,1.71,18.39,29.03,333.64,83.31,65.15,12,14.53
6.07,3.01,18.56,25.34,1141.55,48.76,68.58,11,16.64
15.3,3.81,23.16,13.02,988.94,83.48,75.1,11,32.37
13.59,2.5,29.97,33.13,1162.53,76.98,51.12,0,29.22
19.06,0.44,19.84,7.16,824.74,41.4,31.37,12,49.37
10.9,0.44,3.43,14.47,797.2,71.85,51.38,9,20.09
9.09,2.74,4.54,21.64,782.68,93.59,71.75,10,16.75
14.5,3.47,20.25,5.1,19.52,85.98,34.96,3,30.87
2.78,0.22,10.67,5.11,351,87,52.16,0,5.24
24.56,2.88,17.89,23.92,122.5,89.92,48.07,12,38.96
13.81,1.5,2.63,10.89,402.63,72.46,65.19,9,16.66
5.61,3.55,9.3,11.25,351.28,95.13,37.66,10,19.11
22.09,3.87,1.6,20.16,1134.73,40.79,49.09,11,43.93
13.71,0.27,28.44,12.19,531.79,43.96,64.5,7,21.71
10.11,1.9,0.73,27.15,314.67,76.79,77.08,8,13.18
3.93,4.83,4.97,26.24,567.75,73.02,29.56,4,14.8
21.81,4.49,7.35,14.45,1155.69,66.65,34.43,3,50.37
19.04,1.36,18.05,17.64,138.12,53.02,79.8,7,18.71
14.66,3.98,6.33,27.88,607.41,92.57,72.07,10,22.13
17.84,2.2,5.36,27.35,202.43,78.36,45.62,0,23.2
18.32,2.91,30.99,12.88,352.79,51.2,32.95,0,42.41
4.18,3.87,5.39,22.82,176.72,99.42,33.17,1,12.25
15.82,4.74,21.24,22.97,815.4,58.99,27.41,0,44.28
21.19,3.8,19.72,18.32,740.64,41.84,62.97,3,28.69
21.25,4.16,17.13,26.33,863.92,77.17,54.15,11,38.48
22.88,2.42,16.49,21.6,364.68,90.52,69.14,7,28.86
22.56,0.68,39.99,13.89,425.63,84.29,74.66,6,30.16
17.64,4.81,19,15.36,589.7,58.08,46.43,9,37.86
9.54,0.41,30.73,34.62,533.33,65.15,46.03,8,21.2
20.69,4.69,5.05,28.03,903.86,95.83,46.42,7,35.36
12.26,4.63,3.9,13.83,672.54,95.24,38.14,3,27.11
8.87,3.24,10.19,13.6,551.29,40.77,63.59,5,16.5
1.92,2.15,32.22,16.36,56.21,74.62,42.92,0,5.48
10.18,4.36,29.66,28.63,683.17,72.69,71.61,4,21.25
22.7,0.96,22.13,8.88,364.7,83.22,32.19,6,53.06
7.58,3.55,11.06,8.2,1041.16,66.24,38.61,11,26.83
14.51,3.01,36.47,25.93,718.92,65.02,39.76,6,33.81
16.14,0.5,36.34,32.43,810.93,79.05,57.37,9,25.39
18.29,4.95,39.51,22.06,164.59,55.34,71.89,2,26.27
18.09,1.08,36.91,31.9,111.16,85.91,69.77,12,28.92
23,2.76,35.77,29.36,429.65,77.95,46.34,5,37.59
21.62,4.81,36.84,11.4,714.79,66.96,63.78,6,36.42
11.68,0.71,26.76,10.83,53.41,92.42,61.85,3,12.75
21.7,2.02,33.17,12.3,548.24,88.12,48.33,3,36.42
19.48,0.72,14.13,27.98,1045.77,61.69,34.89,7,44.98
17.67,3.96,8.16,34.45,605.4,70.66,30.4,7,44.67
9.38,1.47,31.33,22.32,270.08,75.93,41.88,4,21.83
3.35,4.9,1.08,16.04,856.19,74.71,54.3,5,12.93
13.73,2.9,17.53,17.25,1018.57,72.09,70.46,11,27.17
20.11,0.69,22.83,9.23,978.74,44.84,41.9,9,41.43
7.82,4,14.76,33.86,1193.63,46.55,46.65,3,20.16
5.45,2.29,19.26,20.41,609.15,68.28,49.88,5,13.36
11.14,1.61,12.94,15.91,620.99,67.71,75.92,2,12.13
6.24,4.95,21.69,16.13,766.11,47.76,79.96,6,19.09
8.77,2.3,27.02,21.83,465.71,97.01,48.88,12,22.94
7.95,2.57,5.3,12.88,833.51,51.7,57.14,5,13.62
9.1,0.82,35.58,7.4,255.38,42.31,66.44,9,20.31
3.48,0.43,4.2,19.15,93.55,87.76,38.26,5,9.17
4,3.56,39.67,31.52,894.31,40.04,49.52,12,26.64
7.82,4.51,22.81,14.78,869.17,59.9,55.46,10,21.52
20.15,4.8,26.88,19.36,871.29,94.71,61.77,11,36.07
24.57,3.48,30.1,21.78,372.58,68.59,34.62,10,56.55
14.3,0.77,28.22,16.63,655.15,94.73,31.97,8,35.56
24.86,1.59,4.09,33,731.48,42.01,46.91,7,42.44
14.97,3.04,29.49,32.86,537.04,40.93,71.13,4,21.11
4.24,3.63,32.49,33.96,831.95,44.05,63.68,3,14.67
6.93,1.4,32.61,6.76,288.56,87.91,39.09,7,19.68
7.75,2.42,1.66,20.57,1017.38,89.16,56.41,10,17.59
5.26,3.65,7.53,21.1,28.01,85.7,28.04,9,17.26
21.22,3.43,0.52,8.75,288.88,67.49,39.87,12,41.05
22.88,3.64,37.71,14.71,1071.84,91.6,33.57,2,60.03
13.62,2.24,16.33,15.19,980.29,90.98,33.01,0,33.32
8.97,1.2,18.35,17.93,93.35,81.83,53.79,12,19.17
17.49,0.35,20.25,16.76,86.88,53.51,78.34,7,22.93
15.86,4.39,14.5,15.09,660.01,90.97,35.54,4,35.88
20.91,2.39,14.16,22.22,1037.92,51.64,77.4,8,31.03
13.73,1.66,4.21,31.13,1083.43,50.37,64.96,12,30.15
4.83,1.92,30.03,21.05,1148.03,95.55,31.12,1,17.78
16.69,4.83,2.01,29.46,142.43,99.93,30.6,7,40.51
21.67,4.52,18.79,34.54,322.21,80.38,38.93,2,41.46
18.82,4.51,13.58,19.59,412.76,98.2,25.1,6,53.49
6.57,2.21,24.59,11.01,4.23,55.51,36.97,2,14.27
4.92,2.07,14.29,31.77,1146.74,88.31,36.89,7,16.12
14.28,0.21,0.04,21.64,446.98,85.36,74.9,11,15.93
16.85,3.24,14.06,10.43,283.15,63.63,77.95,10,29.47
7.52,3.29,4.79,16.72,267.88,51.87,57.59,12,23.21
7.46,1.78,38.3,28.27,45.26,45.59,33.28,0,23.59
15.91,4.5,30.67,27.19,97.45,75.61,67.64,5,21.4
4.52,3.56,26.88,28.32,648.8,89.13,39.4,6,22
6.68,2.19,1.75,15.79,845.71,41.45,41.81,1,13.46
20.1,0.95,4.3,31.71,182.66,83.68,25.83,11,51.29
7.85,2.11,15.95,10.37,962.42,99.52,72.88,8,18.44
3.8,2.6,0.83,33.57,912.32,98.9,28.85,1,12.05
21.22,4.27,11.53,24.57,229.03,74.71,43.83,2,34.48
17.18,3.62,7.42,12.24,915.7,78.63,31.95,12,44.14
4.37,4.84,13.32,27.01,903.38,77.66,26.31,4,21.77
10.56,4,24.51,24.67,440.77,92.46,56.16,2,18.09
8.54,4.67,30.36,10.19,668.31,99.82,67.03,12,22.06
10.59,2.52,5.76,18.23,471.66,50.24,26.74,11,31.3
7.84,4.64,22.33,34.52,211.18,99.36,39.97,12,22.41
19.62,0.24,28.58,27.37,167.6,91.36,67.86,5,22.39
17,4.55,15.09,22.37,866.6,64.93,44.76,10,36.83
23.34,3.2,20.64,33.96,920.35,52.82,43.36,5,43.38
8.76,3.81,28.26,18.76,454.09,55.2,78.11,10,18.71
12.57,0.77,33.31,8.53,53.63,93.86,47.06,5,22.29
15.38,2.49,38.87,19.03,750.37,91.3,52.03,0,26.51
9.48,3.7,6.79,18.65,303.28,83.81,50.05,6,17.01
19.92,2.28,5.88,11.47,301.38,53.63,77.7,7,21.12
4.39,3.09,23.14,15.12,629.63,80.72,38.4,4,12.02
21.35,2.88,10.42,23.44,330.21,81.44,36.28,9,47.34
1.08,1.67,38.8,26.5,827.3,57.71,29.13,0,11.66
5.1,3.12,8.06,7.63,963.71,94.74,57.38,4,12.28
12.37,3.69,3.19,27.45,691.7,85.67,35.6,12,34.09
19.39,2.38,31.63,19.61,703.03,97.79,66.82,12,31.82
18.6,4.46,25.58,6.25,657.98,51.39,26.74,7,58.59
3.25,0.48,3.98,14.41,1106.79,40.65,49.24,6,13.37
1.8,0.75,13.47,22.39,79.45,99.03,73.57,12,7.9
5.54,3.14,18.28,27.9,186.93,62.96,45.18,6,18.92
4.67,0.76,8.07,25.27,301.15,82.36,41.64,8,10.62
12.27,4.82,29.18,34.5,310.15,63.46,64.14,3,20.14
5.11,2.39,26.1,11.3,326.19,67.66,75.82,8,14.36
13.39,3.99,9.55,21.27,390.91,61.04,57.86,3,18.73
21.55,4.17,37.38,5.86,1.26,88.85,61.69,2,25.19
23.6,2.66,0.64,6.12,56.55,46.47,50.94,6,33.63
14.99,3.09,12.28,26.01,995.06,77.98,45.39,10,28.3
14.86,4.56,33.39,5.72,337.15,83.46,49.61,12,36.16
17.84,4.58,5.13,8.32,808.87,90.68,28.64,7,46.91
23.44,2.44,29.45,18.36,960.46,50.17,47.13,12,44.78
8.08,1.53,39.31,8.53,468.59,41.42,62.35,11,25
16.95,2.48,28.98,29.33,186.18,65.96,79.73,11,24.5
14.61,4.97,3.22,11.5,655.86,76.85,32.34,4,31.67
10.74,3.42,17,27.4,1079.49,78.21,28.17,3,30.01
9.22,4.43,17.19,22.12,195.95,68.34,46.96,6,19.75
5.57,4.82,25.52,13.47,706.45,89.27,70.41,2,17.57
24.15,4.63,37.58,8.89,28.25,76.51,26.85,3,65.97
17.04,0.8,37.35,9.85,911.44,62.34,78.76,4,23.87
24.12,1.73,23.83,26.25,12.74,85.24,72.75,12,32.56
19.42,1.04,7.82,33.32,564.29,92.52,68.51,12,24.27
3.69,3.18,7.19,5.39,985.04,70.11,56.16,12,18.05
20.66,0.7,2.32,10.89,99.11,53.3,58.06,0,21.67
23.61,0.23,18.42,8.07,1005.37,73.38,25.67,0,58.55
5.85,1.28,6.5,9.92,453.25,43.12,41.94,9,17.22
7.57,3.07,27.46,28.63,644.17,57.76,43.69,0,19.12
19.15,3.44,6.43,23.52,193.45,72.26,40.93,9,37.53
4.75,4.52,29.98,7.01,1003.92,64.73,26.95,9,27.48
12.19,1.63,6.22,28.17,1166.71,80.09,64.71,7,20.2
12.38,1.22,30.58,16.75,97.36,93.32,56.81,12,22.95
17.93,3.05,23.67,15.48,217.38,87.8,56.48,5,25.64
19.05,2.92,0.56,23.78,92.96,79.59,69.92,0,17.45
10.77,1.04,37.42,25.21,818.53,46.47,46.93,3,24.24
21.25,4.78,9.18,28.27,721.43,42.65,52.96,7,34.5
8.63,3.62,7.78,11.15,73.36,80.07,32.96,0,14.56
20.41,3.5,17.41,9.78,523.1,47.24,53.26,10,38.81
8.59,0.75,39.87,19.66,588.26,69.95,59.03,5,18.46
13.21,1.53,38.37,25.39,436.39,90.84,32.16,6,32.88
3.87,3.82,24.1,27.08,646.95,59.33,75.45,7,15.72
20.68,1.2,7.44,34.39,550.07,64.35,35.58,10,43.13
15.39,3.47,7.91,10.48,165.85,73.78,66.94,5,20.89
16.7,0.88,29.39,15.72,665.11,92.92,75.09,9,26.77
3.64,3.08,2.48,25.54,640.33,72.48,43.24,1,11.17
9.87,3.58,37.56,19.35,523.04,46.09,33.6,4,28.3
1.43,1.84,24.58,30.48,796.07,89.81,52.88,9,11.8
1.35,1.47,32.04,6.34,464.65,58.27,31.04,9,16.12
15.11,2.11,12.11,19.26,950.61,68.91,76.66,4,18.45
12.95,2.49,22.84,15.96,367.27,44.72,54.12,0,21.46
24.49,1.25,34.43,13.62,1197.59,96.71,38.2,9,55.39
21.42,1.97,18.11,26.74,1191.03,56.85,76.76,10,28.85
13.38,3.61,2.8,32.05,158.34,83.96,72.89,3,12.62
18.27,2.72,20.59,24.51,24.8,89.13,72.28,4,23.44
24.7,0.67,1.22,28.96,624.74,52.02,43.91,10,42.71
7.57,4.06,34.22,14.05,209.01,47.79,63.41,6,22.4
20.31,4.76,1.4,30.54,47.03,40.05,56.52,1,22.45
9.3,2.55,0.2,24.35,74.14,90.63,54.8,6,15.93
12.56,1.19,19.62,26.11,1047.49,79.17,45.36,0,24.5
10.42,4.37,22.56,30.27,1149.7,40.53,37.23,12,36.6
6.85,2.09,10.34,6.57,139.31,56.14,55.74,12,19.76
23.04,1.39,1.03,24.75,953.04,73.43,68.83,12,32.77
17.24,2.56,39.49,34.85,362.41,97.59,26.02,2,47.78
14.63,3.08,10.1,20.9,1084.42,52.77,32.54,5,34.99
13.52,3.57,38.58,13.82,1162.6,78.75,75.67,12,28.42
6.84,3.3,15.09,12.85,141.49,70.32,63.45,12,20
21.43,2.88,27.56,21.86,666,48.48,47,6,36.75
15.08,1,18.28,14.11,569.94,88.01,45.05,10,30.22
17.15,1.55,18.58,13.82,381.23,88.52,70.76,7,23.16
14.54,3.08,27.79,9.09,342.93,89.82,76.84,0,17.37
9.97,0.94,27.56,28.15,892.52,55.42,79.54,0,15.94
24.08,1.92,22.53,30.76,869.86,91.02,72.06,7,32.08
12.72,4.75,6.28,26.43,882.45,90.01,51.01,5,24.84
9.67,3.97,31.79,21.32,889.34,85.64,73.62,9,23.36
15.94,1.32,25.29,14.23,332.06,45.78,32.61,4,40.14
3.3,4.64,3,29.47,98.03,69.39,39.02,0,4.22
20.83,0.72,30.7,30.69,513.28,73,58.28,2,26.55
22.83,4.81,37.53,34.06,846.39,46.7,38.76,9,53.93
23.22,4.85,26.92,23.75,17.31,41.38,71.04,1,26.09
20.4,4.39,10.42,29.77,325.74,65.49,70.78,1,23.23
9.06,0.6,17.57,10.29,1003.45,48.21,40.25,9,19.25
23.03,0.72,7.39,31.44,214.9,65.88,58.48,8,28.89
19.89,3.34,15.04,32.15,715.09,77.36,35.36,0,38.29
1.53,2.24,31.2,16.73,1130.63,61.98,39.09,6,15.3
9.31,1.55,7.4,27.82,292.51,66.44,73.83,12,17.99
17.75,0.99,24.79,33.77,256.16,41.36,61.21,12,25.88
3,4.52,39.45,33.7,710.72,87.34,29.1,12,27.41
7.23,0.41,5.56,32.11,195.62,65.13,67.54,12,13.08
23.99,1.25,25.21,32.26,507.08,47.48,28.02,10,64.65
22.37,3.54,15.46,9.02,26.69,74.36,51.65,2,33.71
18.24,3.81,38.26,31.82,1130.89,93.32,65.15,3,29.1
9.64,4.66,34.02,15.25,1115.41,66.19,27.89,12,43.55
16.51,4.92,6.28,5.26,30.96,87.78,74.55,12,23.51
2.75,1.82,15.67,26.74,294.95,58.43,32.24,3,7.7
22.13,2.08,29.94,9.33,404.53,82.59,52.78,4,33.79
15.65,2.15,5.99,6.82,119.72,86.15,61.32,11,22.93
14.63,2.6,0.71,23.99,575.45,60.53,28.19,9,44.7
18.45,1.49,10.02,23.98,909.24,63.66,66.88,9,25.71
16.01,2.74,27.82,10.03,694.49,47.11,74.18,5,22.89
17.03,2.75,27.5,13.78,1141.7,63.06,66.22,8,32.84
8.65,0.21,33.43,33.57,983.57,41.03,75.83,0,14.96
15.64,3.48,8.25,7.03,843.66,57.47,25.78,2,42.51
5.91,1.48,33.48,26,1123.11,64.95,55.35,7,22.16
19.32,1.19,2.41,8.16,838.36,68.9,38.21,12,39.86
24.65,1.5,9.84,5.15,1150.94,41.83,44.89,10,40.89
22.18,3.47,20.09,13.28,1175.86,51.38,40.77,8,48.93
14.58,2.68,9.79,11.01,901.77,68.76,36.65,1,32.48
21.9,1.4,27.35,5.2,1141.36,99.62,78.44,9,30.21
24.06,0.9,36.22,27.39,905.5,87.74,63.41,10,40.28
21.93,3.26,26.01,7.14,688.39,93.27,48.12,11,43.73
5.25,0.55,17.55,23.52,1151.97,69.97,52.61,0,14.2
14.88,4.78,18.68,12.31,184.47,44.75,31.31,11,40.07
17.45,3.44,6.03,13.3,400.03,87.61,38.54,1,30.83
5.8,2.37,31.62,28.81,937.9,47.95,39.14,7,23.73
8.17,1.56,32.15,19.09,728.26,92.87,73.18,11,22.03
15.81,2.82,8.79,11.26,1001.23,46.76,37.44,6,36.5
11.47,2.71,10.54,11.14,781.24,44.35,79.02,11,19.99
2.63,0.99,37.4,21.78,423.23,89.7,72.48,2,8.75
23.44,1.86,39.99,33.37,707.68,81.7,75.25,4,28.52
10.4,4.27,20.53,12.09,374.89,49.42,63.91,5,20.61
18.35,3.04,3.3,9.78,881.37,47.18,76.08,4,24.25
8.54,1.14,36.77,30.92,1110.52,64.51,67.35,12,24.86
24.11,3.98,27.06,25.96,796.16,78.54,72.89,10,36.11
19.02,3.89,34.34,20.9,849.4,55.45,37.7,7,44.22
20.5,2.03,3.06,26.03,862.29,59.13,75.92,3,23.26
6.49,0.94,12.94,10.68,148.66,74.02,32.18,0,13.83
20.41,4.59,25.8,9.11,809.37,50.32,76.67,11,35.93
16.16,4.7,15.55,31.16,1035.12,95.75,37.59,1,31.26
2.55,2.58,5.42,11.42,613.14,66.08,26.53,5,12.99
17.84,4.06,9.94,12.74,638.9,92.55,44.49,0,30.04
14.66,0.91,39.68,18.38,989.9,94.72,60.42,0,24.27
15.78,3.36,10.28,24.48,1.51,60.53,37.04,10,31.57
16.53,4.02,20.57,32.17,247.35,55.55,32.9,4,37.68
12.13,3.85,39.81,11.93,551.39,73.86,76.12,9,25.18
22.39,4.28,23.72,28.06,72.96,49.38,33.88,0,45.62
14.14,4.59,28.83,30.7,1138.25,79.44,32.8,7,38.73
7.98,2.76,17.43,28.13,8.54,79.56,26.08,6,25.55
14.52,4.81,23.4,22.31,1167.33,89.35,25.16,12,51.76
19.84,1.19,3.85,28.69,675.67,71.02,55.74,2,25.17
5.44,1.96,9.37,13.28,255.38,91.9,75.92,11,11.39
20.53,3.97,0.27,19.64,637.88,86.35,41.23,8,39.17
15.2,2.45,6.36,24.18,359.87,55.63,39.82,6,31.69
12.19,2.75,27.8,26.63,546.95,75.16,28.7,9,35.57
14.41,4.96,28.1,29.65,684.02,90.98,51.54,12,32.96
21.65,1.48,32.41,19.64,290.92,79.48,42.02,8,42.43
18.7,4.36,12.05,25.24,103.36,95,53.84,9,32.81
7.11,4.32,11.21,26.62,918.96,88.83,42.64,3,19.11
11.58,3.75,6.15,16.94,1074.45,42.33,44.89,11,31.24
1.05,2.11,17.03,22.23,376,89.14,75.84,9,9.77
17.4,3.71,18.38,27.21,393.06,69.06,61.94,7,27.69
19.91,1.55,20.06,14.7,1003.43,89.81,36.95,0,37.4
5.43,4.94,29.45,22.12,101.59,42.76,68.66,4,13.01
19.47,1.56,12.61,32.38,608.88,90.74,51.98,8,31.47
15.77,0.99,7.94,34.85,1192.06,83.77,64.92,6,26.09
13.31,1.36,3.47,34.47,392.39,88.5,74.11,12,20.63
14.74,2.23,13.31,31.37,531.53,87.34,76.96,4,17.64
20.68,1.19,30.72,32.26,1051.05,40.68,52.31,9,36.82
24.46,3.38,9.21,24.35,242.3,52.32,71.95,5,29.31
5.07,3.02,14.33,18.93,55.86,74.74,76.22,3,7.82
7.31,1.19,11.8,29.45,50.88,57.11,29.79,11,23.22
17.75,4.91,5.68,33.44,1189.97,70.32,55.1,12,39.5
8.56,3.26,28.75,24.23,1028.82,48.18,25.64,3,34.55
13.04,2,38.67,23.44,690.83,68.3,67.33,12,27.06
17.51,4.85,30.58,26.43,239.77,62.97,76.78,12,30.48
10.24,4.38,26.02,22.9,832.48,96.2,33.88,11,34.5
22.24,3.79,18.45,29.26,927.61,87.55,50.89,0,35.34
6.05,4.09,4.1,13.81,1190.39,50.02,43.75,5,18.45
7.39,0.54,7.26,23.24,961.97,61.38,49.16,7,18.95
16.49,0.83,32.7,23.82,139.14,68.37,60.49,2,23.08
7.82,0.73,30.87,6.39,276.14,60.25,55.28,1,15.34
20.09,1.19,12.58,23.95,103.24,70.08,67.83,9,27.08
1.46,0.22,0.02,17.73,1024.41,85.34,55.86,6,10.73
8.33,3.04,33.07,22.2,1047.36,68.97,29.61,7,30.24
9.08,1.31,36.54,19.12,751.5,80.65,45.5,3,18.25
24.95,3.27,11.4,14.41,13.49,97.95,49.49,1,31.79
3.61,2.33,15.09,28.33,725.28,91.81,38.7,8,13.24
10.85,2.61,36.83,19.94,131.71,83.11,63.53,8,22.33
10.24,2.96,22.22,10.38,781.39,71.84,29.63,11,36.13
14.02,0.47,34.16,12.35,340.6,45.09,62.5,12,26.44
24.99,0.74,1.69,15.14,687.08,80.76,68.29,12,29.36
14.11,4.36,39.79,23.16,1114.66,72.61,61.06,2,27.66
21.79,4.09,30.78,29.17,855.28,77.85,44.54,8,44.1
23.58,2.16,38.8,22.51,647.37,83.67,78.34,1,28.3
16.89,0.3,27.26,27.42,773.32,86.72,60.84,12,28.9
17.59,0.61,16.08,21.98,990.93,98.34,69.11,7,26.77
18.64,2.58,10.33,13.34,530.17,76.89,30.59,3,39.19
3.07,2.76,12.3,32.86,977.95,84.98,76.27,6,9.67
4.18,0.39,38.46,9.2,886.58,84.35,32.48,2,18.24
15.13,0.89,29.84,23.39,700.49,77.49,29.84,4,38.28
21.72,1.62,36.49,10.55,1036.96,59.87,30.81,1,52.34
24.3,3.72,24.25,26.24,480.9,51.06,56.18,6,34.17
2.26,4.31,16.17,23.77,42.25,81.43,33.87,3,10.13
21.76,3.42,17.22,29.6,86.57,80.17,61.44,4,26.19
3.47,4.59,35.3,30.24,1176.79,75.3,46.93,4,17.31
16.88,0.22,9.74,6.21,669.24,48.84,68.95,11,23.74
7.27,4.3,37.01,24.88,1034,62.55,35.45,11,29.23
5.69,4.75,0.78,26.54,1189.05,92.43,49.65,12,20.31
20.98,4.16,18.54,26.98,835.49,58.55,33.16,6,52.05
22.25,3.64,13.55,32.81,1105.2,58.97,46.38,9,43.57
21.93,0.91,16.19,30.97,883.34,76.18,52.61,10,34.78
4.77,2.94,2.55,29.62,856.55,65.69,47.04,2,10.96
23.69,4.03,1.22,11.53,629.68,43.75,30.15,2,52.88
15.99,2.7,26.54,29.41,418.96,68.08,44.51,11,37.17
2.7,3.46,13.41,25.68,453.83,55.37,79.36,11,15.27
1.73,1.6,18.38,8.1,556.08,80.58,62.62,8,8.21
13.56,3.46,29.81,24.3,378.78,59.94,63.42,5,25.73
8.69,4.39,1.21,7.45,828.6,61.41,78.52,1,10.71
20.56,0.58,25.29,26.27,821.32,67.36,65.81,9,29.7
7.47,2.75,6.23,31.21,249.85,88.59,44.09,0,10.51
19.78,0.52,11.95,25.08,611.22,83.19,28.25,8,48.96
22.78,3.41,4.89,8.15,556.62,67.79,61.17,8,30.82
18.95,0.57,13.24,34.5,300.89,69.91,78.63,0,14.2
19.46,4.02,33.58,12.79,361.73,57.92,60,8,35.33
3.38,4.59,39.27,8.77,258.22,65.88,35.51,0,16.76
24.32,3.73,21.22,5.9,154.31,43.83,44.69,10,44.43
24.36,2.17,7.77,14.56,719.9,76.94,39.61,11,51.27
6.18,4.98,39.47,7.99,748.77,95.96,53.92,12,27.42
13.02,1.4,39.61,18.13,304.7,41.67,55.51,8,19.19
12.62,4.01,18.11,25.84,974.61,47.79,71.38,0,23.03
19.74,3.13,22.4,23.45,494.27,95.91,51.51,6,34.85
13.65,1.54,14.47,8.96,595,67.59,62.86,4,19.82
6.13,2.61,30.71,5.16,570.35,81.46,57.25,12,19.8
9.87,0.76,26.67,31.07,1046.54,62.94,59.99,0,19.25
2.27,1.9,11.32,32.98,194.15,67.3,59.87,2,9.51
1.44,4.84,9.77,7.03,219.26,76.46,56.37,3,9.87
12.47,1.85,38.65,25.93,650.52,73.5,67.62,9,25.01
7.91,3.49,32.68,27.34,1138.05,88.32,56.55,1,18.72
14.84,2.68,25.14,6.8,750.83,55.75,28.43,1,43.23
4.27,1.34,34.25,19.33,533.06,66.7,26.38,7,20.62
2.55,2.43,12.53,18.33,63.5,87.99,62.33,7,10.74
7.36,1.85,23.8,33.67,535.16,68.58,40.77,2,16.19
12.08,1.89,36.77,9.46,64.22,71.67,56.25,9,24.84
15.15,1.41,0.09,20.69,585.42,98.16,27.32,0,33.14
17.74,3.03,22.29,25.07,402.87,92.05,34.19,3,41
21.85,4.83,35.48,30.65,1167.66,83.27,71.99,5,37.18
24.44,4.3,16.03,30.55,388.4,79.16,49.97,4,38.03
23.16,1.51,11.84,32.98,448.64,40.46,67.58,10,29.35
7.09,3.45,39.79,31.09,826.76,92.69,72.61,9,20.9
14.55,2.92,8.36,5.24,15.64,77.99,48.33,2,23.5
6.77,2.53,38.26,26.58,1174.31,64.39,58.56,7,22.87
16.5,2.4,22.14,22.12,70.81,58.72,60.61,8,21.32
7.31,4.26,39.96,30.68,120.27,55.29,40.13,9,20.22
22.6,1.26,29.46,22.44,343.45,99.32,57.61,7,35.55
15.79,1.58,34.5,21.06,1197.4,80.57,27.46,1,46.17
5.09,2.63,32.29,20.86,464.67,89.02,73.63,10,17.8
22.7,0.51,26.08,20.91,939.26,60.55,62.04,8,33.83
12.84,4.14,29.25,30.3,467.79,94.49,31.75,9,36.81
22.69,4.43,6.72,13.69,731.98,70.89,75.9,10,28.49
23.99,3.38,29.02,14.74,58.7,86.23,33.86,8,48.33
20.7,4.19,27.94,6.61,471.76,58.44,25.84,3,57.7
3.23,1.66,0.09,27.2,41.94,54.21,37.28,8,9.53
6.9,3.56,22.05,26.76,308.42,44.56,45.87,1,14.26
13.45,1.53,33.17,16.14,714.05,76.42,58.12,6,23.63
23.54,0.99,10.99,6.57,955.4,78.39,62.44,2,26.44
1.34,2.5,10.25,7.28,328.85,92.46,33.25,12,12.46
19.33,1.28,4.52,21.25,620.96,65.64,46.95,5,29.85
4.26,3.97,36.75,17.7,573.68,92.57,77.85,8,15.63
19.25,1.98,10.48,30.5,832.19,92.52,54.33,6,23.78
3.3,2.91,25.74,5.51,947.8,82.82,77.03,5,14.09
23.48,3.52,7.45,23.82,30.32,92.09,53.75,7,35.55
20.76,4.57,18.05,27.61,958.88,55.01,54.24,9,42.57
9.42,0.57,23.67,7.08,693.99,81.18,34.41,1,19.21
6.3,0.99,16.11,34.23,423.18,67.99,64.82,4,10.31
24.02,1.12,21.73,24.45,304.36,87.65,60.9,11,30.48
21.88,2.51,31.2,33.88,568.02,58.44,37.96,3,44.38
14.11,1.35,32.93,24.45,959.68,44.27,56.07,7,24.23
8.03,3.4,16.92,16.89,684.14,79.98,30.23,12,30.19
18.64,2,28.87,8.75,289.73,46.05,47.85,5,32.19
12.82,3.22,32.02,20.65,1164.93,92.43,62.95,10,24.41
14.2,4.04,5.98,27.96,1026.73,82.79,70.92,12,26.42
2.19,1.84,13.17,11.69,426.53,73.1,40.87,11,14.88
6.82,1.64,26.32,23.09,238.51,91.08,67.26,2,12.89
9.96,4.37,21.12,7.42,240.12,64.7,50.31,7,22.72
5.08,2.06,17.79,34.22,404.57,89.81,59.03,3,12.34
5.64,0.73,17.67,8.33,183.77,56.27,43.73,5,9.07
12.08,2.72,31.79,33.45,658.46,93.28,49.66,11,28.48
20.63,0.96,25.97,10.8,671.2,40.38,70.82,0,27.83
10.45,4.91,3.64,26.95,266.71,78.33,46.61,8,20.52
24.96,4.66,37.93,34.72,233.36,43.37,42.12,12,52
1.95,4.48,3.97,28.43,1009.84,74.06,35.66,4,14.86
4.7,3.83,18.69,18.28,75.59,64.28,76.04,6,14.09
23.54,2.77,37.27,28.89,912.11,44.83,68.43,3,32.49
20.41,1.74,12.12,25.3,980.47,98.91,60.47,0,26.87
18.65,4.18,32.52,27.59,600.81,80.1,60,0,27.98
5.07,3.24,32.99,32.76,716.64,94.93,72.39,1,10.83
14.63,3.27,9.96,19.23,132.31,52.28,63.66,9,20.65
12.77,3.37,26.02,24.46,1038.17,74.84,42.81,5,28.27
1.86,3.85,14.29,12.98,817.38,99.94,41.15,6,12.34
24.31,0.71,38.24,28.89,820.72,77.19,74.95,0,27.28
18.16,2.44,2.56,5.2,941.5,46.35,37.32,0,33.72
16.1,3.34,26.65,29.31,316.05,86.59,77.12,5,19.88
10.56,1.82,15.83,7.65,439.04,50.99,56.59,6,20.27
18.56,4.76,31.16,11.39,463.37,62.74,60.63,1,29.71
15.14,1.39,29.66,21.9,799.54,83.75,56.24,5,26.24
4.39,1.26,14.97,29.91,24.92,93.36,52.09,8,10.6
22.88,4.07,24.53,25.01,275.63,87.44,67.8,1,26.72
11.28,0.9,6.97,8.94,1179.12,98.59,41.31,6,24.76
9.82,1.5,34.27,32.44,1000.24,74.97,53.3,8,23.3
17,1.85,30.48,23.81,262.65,78.99,59.58,9,30.39
14.23,4.97,1.52,7.1,417.84,68.08,42.74,9,30.5
15.17,3.58,29.62,11.47,1050.34,74.62,51.53,10,33.73
22.35,2.4,30.88,11.63,113.82,69.22,36.65,6,48.35
23.83,4.5,4.97,18.59,745.82,54.87,25.81,7,67.05
24.61,4.22,34.75,5.45,950.89,80.96,57.87,10,47.34
7.37,0.38,26.88,28.14,955.77,47.68,42.58,0,18.33
10.57,1.13,5.25,19.81,800.77,90.86,73.76,1,17.36
23.75,0.93,39.7,7.62,916.82,59.25,52.33,7,44.43
20.58,2.32,35.09,22.26,769.6,46.84,41.59,7,40.91
4.7,1.51,20.98,30.85,953.97,90.11,66.08,11,15.51
13.88,0.42,19.46,17.99,903.69,43.23,68.3,4,22.07
19.9,1.69,7.94,31.87,373.9,53.12,30.64,7,49.81
8.01,2.21,20.25,19.12,536.1,91.65,41.55,8,22.2
9.29,4.32,30.89,11.23,748.77,44.83,36.72,10,30.84
13.22,3.5,38.65,24.47,38.58,57.4,52.43,7,26.02
22.38,2,32.37,18.86,311.95,79.29,39.53,3,41.64
24.18,3.54,11.52,10.17,732.96,53.24,59.33,10,37.2
16.2,1.2,7.02,6.98,345.52,50.79,49.75,5,27.19
14.45,4.84,4.7,27.74,459.1,53.14,53.19,3,23.73
5.84,0.24,9.37,16.63,334.9,54.54,43.12,9,13.72
12.36,4.45,31.86,23.26,639,82.58,54.05,9,29.8
24.98,3.21,36.15,17.53,47.36,74.49,69.24,5,31.9
18.23,0.32,8.43,23.45,120.21,63.03,55.42,3,24.21
22.94,4.82,6.98,19.02,74.12,99.15,25.77,5,58.79
13.85,4.14,11.25,31.3,982.21,75.03,67.02,11,26.62
19.21,4.54,15.47,19.04,1123.48,98.61,59.99,8,32.64
19.06,3.1,35.94,30.39,680.59,51.71,50.07,9,34.94
22.04,0.55,10.59,12.23,550.3,93.24,42.78,11,38.95
1.86,3.19,6.31,21.88,931.6,75.03,60.19,8,10.07
18.96,1.92,16.38,17.26,879.36,85.88,35.08,6,41.43
22.45,3.94,5.83,16.68,730.39,78.81,69.74,11,30.89
18.02,1.03,17.57,33.33,561.35,85.69,79.93,3,18.59
14.49,4.55,11.26,17.38,881.15,56,64.23,1,22.81
22.65,1.44,19.76,10.58,425.72,55.77,69.2,4,27.85
13.41,1.27,35.68,21.34,346.88,99.39,74.74,7,18.83
9.17,2.87,35.2,7.98,630.09,40.4,58.86,7,22.61
18.46,2.52,36.08,29.42,719.77,98.73,47.39,9,35.59
16.56,4.83,33.72,11.41,357.36,58.33,47.82,4,31.17
17.04,4.39,13.61,24.87,1051.49,76.18,35.67,11,44.98
11.74,0.89,23.75,33.53,941.17,87,37.81,4,28.02
22.08,4.42,31.71,12.71,871.58,83.5,43.88,2,42.28
24.25,3.07,12.39,33.63,356.91,76.2,39.67,9,45.71
9.71,4.09,1.13,18.17,1039.59,93.1,69.12,8,20.65
1.58,4.6,12.13,15.34,836.74,57.32,57.33,3,11.73
10.17,4.03,15.58,10.67,479.15,84.79,33.81,11,30.34
9.07,1.23,9.22,26.95,485.48,68.01,36.85,8,23.76
12.46,2.85,1.44,10.42,85.3,82.18,28.64,3,30.5
5.09,3.05,1.62,26.11,103.73,82.42,49.86,9,10.97
12.61,2.41,11.02,24.56,556.28,84.79,56.46,10,23.71
4.16,2.65,8.28,18.28,950.66,99.12,72.8,12,15.38
19.02,4.81,3.72,26.46,26.17,73.45,47.14,3,29.01
10.55,2.26,9.77,22.52,929.19,44.85,70.25,7,20.63
4.51,0.8,7.41,21.01,215.92,86.31,65.21,9,12.09
20.79,3.41,2.41,5.91,1044.64,99.02,50.12,5,34.49
9.17,2.68,30.55,23.19,880.78,46.7,64.86,1,16.36
5.45,2.66,8.38,20.66,194.45,70.46,52.53,1,8.39
1.48,3.72,33.5,14.8,766.98,87.69,79.21,11,15.48
20.67,3.28,35.04,10.4,966.48,78.71,36.32,8,51.39
10.98,0.94,24.58,16.79,640.29,71.37,75.25,10,22.1
7.17,2.35,1.75,8,1192.41,47.88,39.68,4,16.19
1.57,4.6,39.79,20.61,79.92,69.47,36.6,9,19.15
22.08,2.05,3.75,29.35,696.44,68.29,62.84,12,30.05
20.48,0.5,26.35,14.95,1031.09,93.86,46.68,0,32.45
7.98,1.9,36.77,33.41,999.21,97.35,75.02,3,19.78
16.62,2.02,5.76,19,553.5,91.9,74.8,10,21.38
20.55,3.16,8.62,15.52,395.11,84.26,44.89,6,34.56
24.58,4.03,31.77,23.18,543.83,66.74,49.13,1,36.45
17.37,3.23,37.48,26.62,1159.62,70.85,32.29,1,48.18
17,4.44,5.42,6.16,1008.69,90.37,36.96,11,38.62
11.32,1.35,11.5,21.71,635.76,76.09,56.1,1,19.11
8.33,0.39,30.29,33.79,567.42,71.74,25.15,6,30.31
5.9,2.87,29.46,7.09,517.08,47.37,25.78,11,30.17
21.91,1.3,20.93,19.68,410.31,91.82,54.12,12,35.59
23.57,3.41,32.26,15.43,361.67,51.97,27.48,10,66.82
20.61,3.33,0.94,15.35,400.59,79.26,54.22,9,30.14
3.45,2,24.84,9.92,642.26,58.47,28.03,7,20.91
21.29,4.18,3.67,33.31,1009.72,76.27,78.91,3,21.84
16.42,3.4,15.85,15.25,133.98,66.73,63.37,1,21.64
3.18,3.3,32.9,29.41,1044.3,76.97,42.99,4,16.9
7.36,4.63,15.68,28.05,568.41,46.91,62.84,8,24.22
7.85,4.47,24.73,5.48,1075.08,94.22,43.04,2,23.98
6.38,4.1,16.19,9.94,703.94,42.29,32.51,9,22.1
22.36,1.11,14.47,25.19,951.33,43.01,58.98,11,34.95
23.39,0.29,20.8,20.18,525.18,88.4,64.04,10,32.89
14.07,3.35,22.47,32.52,1145.48,88.12,47.64,8,34.69
20.55,3.06,8.94,19.36,607.3,45.47,34.69,2,39.4
18.86,0.59,36.47,26.73,23.11,82.8,41.5,11,40.11
12.1,1.46,36.25,15.9,226.08,46.76,26.18,3,36.06
9.44,2.54,31.18,32.82,675.44,44.73,45.14,1,22.57
22.27,2.18,24.85,15.46,271.45,95.97,65.39,6,28.83
2.18,2.13,35.16,31.7,498.06,88.24,56.77,2,15.32
16.55,4.03,26.95,33.59,1110.15,96.71,34.98,1,37.76
12.76,4.49,30.24,15.89,53.19,57.85,48.59,1,24.83
15.38,3.31,33.97,21.93,597.32,54.09,46.27,0,28.2
1.15,2,0.44,34.32,244.28,51.31,63.96,1,1.55
23.88,0.43,29.1,13.64,640.58,89.47,75.93,3,28.29
3.39,0.29,23.58,17.71,73.27,84.02,79.49,12,10.97
17.41,2.48,31.42,34.88,1199.76,86.47,34.98,5,43.67
9.11,4.71,11.66,9.39,838.13,79.48,66.44,8,19.41
13.3,3.19,32.89,32.73,393.57,44.08,48.15,7,27.89
9.56,3.43,13.42,25.69,803.22,95.63,52.48,5,18.93
15.16,0.39,5.1,31.37,136.79,48.39,79.93,10,17.36
16.13,2.76,3.15,16.33,143.63,87.57,51.93,12,26.13
3.45,1,15.17,25.23,1003.31,59.17,43.43,1,11.48
17.84,2.8,33.93,24.34,1167.38,69.11,46.44,0,36.29
5.34,3.48,24.62,16.31,1149.79,45.31,63.63,5,14.28
10.79,2.02,5.57,26.48,23.37,56.56,37.85,1,17.7
7.96,0.28,0.54,24.4,402.06,89.37,71.28,10,12.14
10.83,2.02,16.99,30.52,992.56,80.69,40.59,3,24.87
22.17,2.63,19.21,34.6,972.31,67.13,52.71,4,38.2
6.97,2.43,28.19,15.25,472.86,87.68,55.15,5,20.63
5.76,2.91,10.05,17.03,544.83,87.82,56.31,0,11.3
9.81,2.82,21.42,5.94,848.04,51.02,30.52,6,33.39
9.89,4.34,17.95,31.66,498.35,83.54,76.23,8,21.26
14.23,4.85,32.28,8.68,889.37,75.32,69.88,4,27.42
2.44,3.68,30.07,14.03,154.34,55.93,42.67,10,11.89
7,4.13,32.01,30.82,604.46,73,50.78,7,20.09
15.92,3.6,7.9,20.63,415.22,50.12,27.73,7,43.04
22.93,1.02,14.88,23.18,599.43,69.36,53.57,0,29.08
13.27,0.78,9.81,13.17,182.58,90.32,57.26,6,19.78
2.85,0.73,6.24,14.57,578.65,60.78,48.79,9,12.31
3.21,2.91,18.02,16.63,37.4,66.24,43.9,0,4.36
12.49,1.61,6.29,22.43,1111.56,79.11,35.12,8,32.84
14.28,4.16,7.59,32.11,132.21,90.59,75.39,12,21.55
15.34,2.99,0.77,23.86,398.17,79.64,78.61,4,17.11
13.61,4.26,29.38,34.6,24.65,72.09,78.77,5,21.14
18.09,4.85,26.75,16.17,1169.93,85.87,30.44,1,47.98
20.37,4.99,15.88,7.34,239.25,73.93,60.88,4,27.99
9.08,2.86,4.24,13.42,82.85,67.87,54.05,4,15.91
13.84,1.87,15.97,29.25,28.42,94.43,49.46,7,17.98
3.31,2.01,16.92,28.66,812.06,84.89,56.15,9,16.64
24.76,1.93,17.09,16.65,138.27,49.96,47.91,3,36.71
17.11,1.86,5.63,7.31,974.43,82.88,43.26,12,35.89
13.3,1.49,23.49,25.47,930,99.12,64.73,0,17.46
11.93,1.36,18.84,13.29,877.81,62.95,78.82,10,19.19
2.4,2.68,12.81,24.55,690.81,61.34,39.28,4,10.95
23.3,4.56,36.92,14.48,583.18,44.87,77.5,0,29.33
10.18,3.67,11.73,26.35,817.26,79.74,47.58,2,23.09
24.08,0.35,39.34,13.09,1028.68,59.21,78.12,5,28.3
10.12,0.92,22.82,27.35,365.09,83.54,70.1,9,16.31
5.18,2.88,24.36,31.26,648.44,40.44,37.34,4,17.75
21.09,0.42,31.74,10.9,69.42,97.73,36.74,4,37.56
10.12,2.75,10.11,18.81,80.92,63.19,27.65,3,27.99
7.1,0.84,6.64,18.18,602.6,63.19,55.78,11,19.87
10.25,4.07,21.31,27.28,1137.26,99.03,34.93,4,28.88
4.72,2.73,13.21,17.75,224.62,97.14,39.42,2,11.46
5.17,0.39,35.99,33.26,115.99,73.72,46.66,8,19.17
21.93,1.49,26.9,27.45,677.84,67.75,33.39,7,49.74
5.22,3.86,17.41,33.71,32.28,72.06,69.92,10,11.52
7.42,3.74,15.56,16.55,287.45,54.87,75.25,0,12.61
2.8,4.21,37.26,28.28,1115.5,45.4,38.99,6,22.7
2.24,3.31,0.77,8.23,555.83,88.52,34.02,12,12.64
1.72,3.22,32.53,7.95,874.22,84.98,42.93,0,10.67
4.57,4.72,13.07,29.04,907.86,68.42,55.36,9,21.17
17.05,0.7,31.17,25.48,512.39,60.12,68.25,3,20.23
6.99,1.36,12.89,9.6,761.3,70.45,55.87,0,13.77
2.18,2.84,14.32,8.43,415.07,84.45,57.7,2,6.09
18.37,2.68,18.47,29.3,329.77,61.84,76.58,6,19.77
9.31,3.82,3.33,18.08,104.16,57.38,51.21,3,13.92
10.32,1.57,37.46,30.89,91.84,92.89,45.81,0,17.62
16.74,3.14,34.69,21.74,607.6,53.56,44.61,7,37.66
9.51,2.25,8.34,11.91,19.7,88,25.74,5,25.96
19.88,2.63,6.94,23.58,78.46,97.92,30.31,8,43.42
23.98,1.39,7.97,30.76,1151.03,78.17,27.44,7,64.49
10.56,2.09,12.63,22.17,53.53,89.22,51.31,5,18.41
3.05,3.12,8.9,18.93,686.77,92.3,30.87,11,17.24
9.3,0.27,22.66,27.43,943.64,54.01,51.15,11,25.39
17.29,0.6,1.41,25.3,616.65,44.46,76.19,3,23.88
9.87,4.71,33.83,7.39,441.94,60.64,45.25,1,22.69
12.55,2.68,2,18.94,378.12,78.16,58.81,0,11.41
3.85,2.54,15.95,15.46,1025.7,47.92,60.42,11,15.1
11.82,3.28,20.36,27.29,591.08,68.14,35.53,12,31.84
6.31,3.69,2.22,15.54,909.05,62.58,78.28,12,19.85
24.35,0.37,28.02,19.06,400.51,51.76,46.03,6,45.09
14.6,0.73,2.6,27.65,37.69,71.12,76.23,8,18.23
4.11,2.03,28.56,15.34,616.93,56.76,38.95,2,18.89
1.4,2.69,23.57,33.64,941.75,48.11,26.69,7,14.19
11.37,1.16,29.41,29.4,738.01,59.25,66.7,2,14.99
4.49,3.59,29,16.24,744.24,94.81,67.62,2,17.61
11.05,3.34,32.52,20.84,649.59,72.21,76.04,5,20.71
21.69,4.01,12.26,34.54,958.78,46.55,37.78,6,46.59
4.27,1.54,15.97,17.29,283.14,45.05,74.08,11,11.41
2,4.9,9.2,12.42,910.02,45.95,36.5,6,17.4
16.95,1.77,30.68,21.15,491.02,63.93,50.71,8,31.72
4.1,2.87,23.55,16.7,499.86,85.05,27.24,0,15.3
18.42,2.39,8.71,16.33,849.1,63.6,43.43,6,38.48
23.2,1.82,34.09,10.78,1190.13,80.49,63.06,9,35.7
23.75,3.82,3.17,30.26,531.3,41.44,71.05,3,29.45
8.7,3.56,30.52,29.26,1093.74,96.72,76.06,1,15.81
10.14,2,22.82,8.61,1143.78,89.96,64.83,3,18.88
23.06,1.04,24.97,9.95,831.81,83.77,29.09,2,55.17
10.5,0.94,23.1,21.34,983.82,98.93,44.29,11,29.42
9.03,3.96,8.05,8.92,297.15,90.49,44.15,8,20.44
1.53,2.54,25.31,14.41,12.24,47.76,64.97,5,8.1
18.98,0.92,22.22,17.4,41.15,53.87,34.64,8,41.89
2.72,3.04,10.3,28.59,558.31,83.87,34.3,0,11.19
17.43,4.02,37.96,5.31,642.49,58.69,75.31,8,33.97
22.57,3.8,19.62,14.81,153.65,74.88,38.32,3,44.07
10.22,2.99,31.96,9.28,139.63,42.03,69.62,2,16.53
12.46,0.38,9.39,10.45,1019.04,62.35,33.64,4,33.75
23.71,4.79,12.72,15.1,825.5,65.34,37.98,11,54.63
20.18,0.21,29.54,9.97,1092.07,82.48,64.72,4,32.58
13.13,2.83,33.89,26.42,375.02,73.7,55.58,5,22.9
12.11,1.95,3.33,20.01,515.21,65.97,76.42,8,15.82
20.31,0.77,21.55,32.66,807.87,91.36,57.48,9,35.61
3.72,4.48,30.06,15.47,770.47,96.17,59.45,8,18.74
22.08,3.77,24.57,15.14,293.9,83.59,67.13,7,29.63
5.01,2.47,36.29,15.03,162.43,70.58,40.24,0,15.89
16.77,3.08,35.39,19.93,202.95,76.05,37.9,7,38.09
12.48,0.94,9.75,22.4,1021.03,98.56,73.1,1,15.87
24.24,3.59,18.28,20.55,552.63,86.22,44.07,4,42.84
2.34,0.55,2.74,29.87,322.69,52.09,25.08,8,7.35
13.3,0.23,32.6,5.21,794.78,82.91,26.77,7,41.23
14.48,3.18,27.95,28.64,518.05,79.8,56.9,11,29.96
5.2,2.38,6.64,16.52,841.16,91.36,30.14,11,24.94
22.5,3.85,31.78,6.9,600.08,45.35,45.52,2,45.28
21.28,4.5,32.49,17.72,990.76,53.34,26.27,8,66.89
13.16,2.81,20.49,22.28,843.78,46.82,69.69,7,24.95
1.19,2.25,20.22,32.42,755.75,46.05,77.14,10,14.7
12.53,4.52,33.31,28.12,903.62,98.3,43.38,8,31.48
24.56,0.87,23.82,24.42,66.79,73.91,52.11,9,33.84
8.81,2.16,6.99,22.94,588.19,62.52,73.84,0,8.92
10.62,3.71,6.45,25.69,337.26,50.54,67.76,11,25.52
17.55,1.64,37.98,25.67,397,57.38,78.6,5,27.31
22.21,4.31,13.11,29.21,771.04,72.53,28.79,4,60.01
9.58,4.21,25.66,28.2,531.84,79.36,33.87,9,28.2
20.47,2.73,4.32,27.34,733.36,47.5,79.65,12,28.4
22.67,3.23,32.03,17.05,508.11,85.03,62.33,6,31.21
12.5,2.84,39.58,25,258.58,51.35,65.05,4,24.93
7.68,2.28,34.9,31.63,328.54,50.88,25.69,0,22.14
1.97,0.65,2.43,24.84,165.89,76.81,78.03,11,8.33
17.12,2.59,17.46,6.59,1028.07,95.77,46.5,0,32.93
3.52,2.4,24.59,19.07,732.6,80.43,36.16,12,22.67
6.58,4.02,2.01,26.33,238.98,95.46,38.87,2,11.6
13.58,2.71,1.87,11.9,502.5,77.59,56.25,4,20.48
23.88,2.02,13.36,34.07,303.41,78.1,58.13,3,28.44
20.25,3.76,33.58,18.91,51.34,73.75,78.9,5,24.15
22.33,4.42,15.78,19.47,359.78,91.33,36.78,5,46.12
5.5,4.47,14.65,19.68,755.38,86.62,31.39,12,24.63
10.05,1.28,13.43,21.32,564.24,90.34,74.52,10,17.36
6.13,2.58,31.11,31.89,464.27,96.76,77.24,4,12.04
22.15,2.08,11.16,28.54,380.48,61.4,41.07,10,42.38
14.18,1.78,19.23,17.29,151.16,83.89,49.57,10,26.41
9.63,1.38,10.84,11.13,1114.02,60.53,43.52,12,30.5
3.3,3.96,0.35,8.97,1012.98,63.48,46.78,7,14.41
23.05,0.72,23.64,9.46,914.28,82.95,43.04,9,45.12
18.09,4.37,22.04,12.66,648.75,55.33,42.36,5,36.67
19.93,4.3,3.86,30.42,500.48,79,66.71,9,29.81
24.38,2.83,16.03,19.45,905.75,51.49,68.92,5,33.23
10.91,4.79,22.57,31.25,777.14,53.9,49.2,11,32.71
20.32,4.64,3.74,5.25,1138.13,74.83,31.21,3,50.45
21.43,0.36,5.44,30.04,320.72,97.26,47.56,3,31.97
17.37,1.84,11.83,9.91,803.98,40.88,69.9,3,25.26
15.66,2.41,12.24,29.28,399.79,76.08,27.72,12,47.57
24.21,3.67,10.1,16.35,1174.38,51.68,63.56,3,33.95
2.6,4.78,10.11,34.98,1050.46,90.95,70.9,2,13.48
15.42,4.06,8.61,16.42,1072.33,81.93,48.01,5,31.05
23.09,0.58,24.67,31.38,764.84,72.45,57.84,11,38.04
7.94,4.69,29.27,16.29,177.08,47.54,37.27,12,26.79
21.2,1.11,1.48,8.79,614.16,76.36,69.52,9,24.28
12.6,2.45,33.01,6.57,963.75,87.06,53.41,9,28.34
1.44,4.24,26.8,28.99,771.77,75.74,56.15,1,10.2
17.12,1.39,17.91,17.61,1189.76,46.83,49.92,7,31.75
8.02,1.2,6.29,12.64,616.72,82.22,27.92,2,21.44
9.81,1.92,3.32,7.14,554.48,92.01,39.02,1,15.16
16.61,2.25,11.56,28.23,506.65,66.63,30.36,12,45.71
17.93,2.12,27.83,26.32,302.12,84.43,48.87,9,29.76
6.82,3.5,16.56,14.29,1053.56,74.03,52.55,1,15.64
5.21,4.64,12.59,9.55,995.73,43.25,75.46,6,17.3
1.2,2.85,11.41,20.88,48.42,56.34,32.33,2,8.72
20.74,0.24,18.73,32.92,1021.86,72.96,64.67,4,28.73
2,0.72,39.92,7.67,557.5,75.08,38.37,3,12.58
10.08,4.76,15.01,15.89,79.57,82.21,66.25,12,22.54
20.18,0.33,3.59,15.81,1154.7,56.64,76.09,4,21.16
7.4,2.92,16.6,15.03,1101.78,86.39,49.11,5,22.86
14.66,1.99,30.73,32.56,538.78,71.84,29.85,2,38.3
5.81,0.98,6.25,25.2,39.26,89.57,36.75,2,11.35
1.04,1.79,10.42,24.33,592.35,46.19,43.14,2,10.4
5.96,1.09,6.68,19.04,546.38,51.15,63.97,7,13.81
12.82,3.07,3.49,7.27,633.13,45.29,47.35,9,29.02
6.24,1,25.39,30.86,517.32,63.62,33.62,2,20.19
20.33,3.88,38.03,26.8,47.68,46.5,37.6,11,47.31
22.01,4.99,24.24,5.04,346.39,46.36,46.95,5,40.83
5.17,3.34,6.53,8.32,84.95,76.91,63.27,2,4.92
17.71,1.19,26.35,15.8,930.47,41.87,40.87,10,39.09
1.76,2.77,32.55,24.98,278.22,80.8,34.92,2,10.17
15.84,4.53,23.11,20.18,750.59,96.24,44.22,12,36.72
3.94,3.48,1.27,31.52,1037.46,80.96,53.81,0,13.88
13.02,1.47,31.32,22.24,742,94.2,39.79,11,30.06
24.4,4.75,15.01,10.05,548.66,74.94,35.78,9,54.93
18.18,4.09,36.53,32.69,642.66,75.25,77.5,8,28.32
16.58,0.6,38.95,11.67,872.7,60.92,57.37,4,28.41
22.3,1.33,8.91,8.14,542.72,59.68,37.46,11,45.95
11.84,4.94,10.35,17.15,818.99,97.99,34.75,3,31.77
23.85,4.3,21.86,9.5,894.49,59.26,68.73,3,33.02
7.46,2.1,12.13,10.93,315.85,67.88,25.52,6,22.55
1.41,2.5,33.23,24.35,970.03,58.87,44.2,3,10.63
8,2.25,12.63,21.22,1046.96,66.97,74.21,12,17.29
21.69,1.06,18.11,15.49,867.75,66.99,36.89,8,48.87
24.56,2.1,10.16,22.72,494.31,72.96,51.65,8,37.03
9.5,2.1,14.99,10.58,293.85,92.96,33.56,9,20.19
24.16,0.91,12.76,19.59,934.73,66.48,75.97,10,28.65
24.25,1.67,4.15,10.63,90.38,50.42,54.38,12,34.84
17.72,0.98,12.53,11.12,1159.12,68.38,75.13,0,23.16
14.09,1.23,33.28,24.65,546.11,45.3,62.37,11,23.87
8.01,3.2,34.84,25.9,859.81,96.11,62.68,12,19.94
9.98,2.54,2.08,21.89,1121.14,51.32,76.51,3,14.56
2.35,3.91,16.02,31.24,510.6,40.49,37.38,9,14.85
3.64,4.54,9.3,29.16,940.81,51.19,65.94,2,14.54
7.74,0.47,18.33,5.31,794.58,61.41,55.68,5,17.91
3.72,4.17,1.03,16.14,103.89,82.81,58.5,6,11.86
19.98,3.58,30.17,34.54,296.74,93.2,47.62,10,36.25
8.48,3.4,35.89,32.38,270.73,64.52,59.71,10,22.23
19.17,4.63,19.6,29.22,741.92,85.63,25.42,7,56.08
13.53,4.78,21.67,23.22,563.69,53.72,52.52,11,28.84
12.69,2.75,37.81,15.34,526.47,86.59,62.84,9,25.48
7.87,0.48,26.72,24.35,15.79,71.54,65.9,3,12.44
10.09,3.21,3.07,29.91,266.66,44.67,33.98,11,27.94
15.57,4.94,1.43,6.51,616.69,77.77,48.06,1,24.92
7.34,4.22,11.84,5.11,624.81,60.64,69.03,9,16.34
15.76,0.98,29.26,28.14,271.56,76.1,64.77,10,27.76
8.88,1.61,1.14,29.5,931.88,51.85,33.64,7,23.24
6.53,2.01,15.84,15.43,392.43,86.09,64.82,0,10.3
6.5,0.72,1.78,31.38,510.25,68.85,79.07,9,15.67
7.07,0.4,8.76,25.89,55.11,70.87,45.26,9,13.99
5.68,0.52,2.12,16.02,883.95,93.64,26.3,4,14.25
7.13,2.39,33.42,18.72,546.13,95.26,43.18,11,24.69
6.86,4.13,16.27,16.82,1019.01,41.34,45.16,2,19.12
15.56,4.24,11.98,9.39,162.76,69.34,73.26,4,19.22
18.83,4.59,29.06,31.74,1145.33,99.05,67.82,6,27.25
7.63,4.39,16.07,15.9,1003.53,98.78,76.66,3,13.41
10.23,1.89,11.49,25.84,458.08,57.62,76.88,2,17.14
5.6,0.21,17.76,34.14,1164.18,54.76,41.11,9,18.59
8.43,1.17,11.62,16.65,790.12,92.91,33.91,9,24.99
17.52,3.36,37.18,31.25,410.94,86.55,43.2,6,36.86
24.1,4.18,0.54,10.12,458.88,55.88,79.83,2,24.33
20.47,3.59,21.55,20.15,687.65,90.84,50.21,4,32.34
9.51,3.65,3.5,24.75,772.76,54.59,54.31,4,19.6
24.83,3.16,31.24,24.51,423.36,89.14,42.75,0,41
5.62,4.24,4.44,6.56,423.76,65.05,48.36,4,14.22
10.77,4.4,22.92,16.26,55.59,41.26,37.46,2,25.26
21.59,0.22,15.53,24.06,381.56,67.66,76.42,6,23.74
22.84,1.09,11.1,12.46,711.09,88.44,50.99,8,32.56
18.66,3.43,37.03,9.92,601.33,93.51,51.05,4,30.6
2.45,0.37,33.43,14.27,303.19,53.13,38.11,2,7.82
14.12,0.78,26.01,33.6,864.82,42.59,76.89,8,27.22
7.46,4.58,22.78,27.28,927.86,66.86,34.93,12,31.84
4.8,1.39,20.57,8.33,262.32,60.8,51.99,8,17.5
19.84,3,8.06,21.43,1160.39,42.25,78.68,3,26.65
24.46,1.06,18.68,13.97,447.42,81.5,60.33,5,30.97
16.72,0.54,36.89,5.43,900.81,61.72,72.55,4,23.5
4.02,4.86,32.32,24.08,591.22,48.24,30.02,2,20.98
23.6,3.45,6.98,15.85,111.07,85.97,29.97,5,54.5
6.73,4.68,18.97,31.04,615.18,68.01,73.71,9,17.02
10.38,4.49,33.93,17.71,760.28,94.12,65.21,0,21.5
23.32,3.57,0.52,15.77,45.65,55.61,38.47,11,46.13
19.76,0.64,29.08,13.78,351.63,91.73,58.19,7,30.34
20.78,4.95,26.82,30.81,1033.12,49.41,25.67,4,59.27
6.08,1.41,16.32,10.61,284.15,71.36,47.08,4,11.3
7.39,3.54,7.23,14.75,1180.34,75.85,27.27,3,26.44
2.89,4.34,21.66,30.88,383.39,54.73,46.23,8,15.81
16.22,2.56,39.86,33.35,283.48,77.93,34.44,2,39.06
9.34,1.05,5.08,25.69,407,54.12,68.81,3,10.74
7.69,2.46,4.27,30.53,148.8,96.11,69.21,5,10.91
13.93,3.26,36.87,22.89,213.03,69.29,60.46,7,27.29
9.51,4.38,24.15,11.94,172.99,94.69,74.42,7,15.39
3.42,2.61,19.21,14.96,313.41,77.65,59.18,2,9.85
16.54,3.77,35.68,33.83,65.01,65.91,31.28,2,38.54
20.05,4.26,26.48,7.82,1106.51,62.77,66.23,5,35.76
14.31,4.9,6.47,14.92,605.34,41.03,38.08,2,29.04
18.52,1.37,32.15,27.31,426.78,66.84,25.92,0,48.41
12.67,4.91,23.58,19.7,319.23,78.59,43.48,2,25.65
10.87,3.12,32.58,20.86,929.51,87.63,46.91,3,25.47
13.53,0.72,11.58,19.51,1088.6,93.83,39.62,4,29.85
18.28,0.84,19.97,9.71,219.84,86.96,77.88,11,22.24
7.49,2.09,2.94,9.64,206.19,98.67,46.59,9,14.95
5.86,1.19,36.51,16.73,117.68,87.41,28.11,2,16.86
3.28,2.4,15.01,33.99,1051.67,54.96,37.93,7,18.38
13.67,4.2,39.94,15.2,331.66,69.54,43.23,12,35.9
5.67,3.82,35.66,33.17,34.41,87.97,53.03,1,13.85
21.65,2.9,32.92,25.72,826.37,91.8,61.78,6,34.25
12.86,3.79,32.44,26.31,353.9,60.63,76.72,4,20.7
6.03,1.83,37.81,32.27,88.61,67.91,43.97,2,12.6
14.28,4.8,5.78,6.58,153.81,52.09,25.76,4,40.73
3.66,1.92,21.6,5.11,425.01,96.11,59.63,8,11.13
7.67,1.95,37.23,21.97,896.96,92.79,43.29,9,22.09
20.58,3.37,17.22,26.94,584.23,93.95,71.26,3,29.28
4.77,2.3,3.75,8.55,1072.88,58.98,36.95,5,12.92
6.11,1.65,14.9,11.38,695.92,54.4,55.95,3,14.25
21.78,1.99,27.24,22.43,1134.21,75.04,58.92,8,35.99
17.87,0.93,22.89,34.15,960.67,79.34,25.17,9,55.49
8.81,1.71,36.48,9.24,784.5,43.63,72.27,2,16.73
15.07,1.02,34.31,28.9,1157.91,68.5,46.67,4,32.15
12.07,1.22,17.92,14.42,161.16,58.44,76.56,12,21.34
20.46,1.63,2.71,13.47,896.14,62.33,28.27,3,49.74
13.79,1.6,15.59,27.23,397.68,70.93,72.05,12,21.76
24.07,0.88,32.24,20.3,68.64,70.22,65.11,4,30.42
9.53,4.78,8.17,27.92,737.6,69.5,67.13,1,18.18
12.07,2.38,24.62,31,27.37,49.77,33.15,10,34.19
19.19,4.14,29.52,33.47,340.82,43.11,55,0,32.45
6.03,1.72,31.2,18.87,106.94,41.53,57.03,8,18.1
21.55,3.04,0.85,32.88,516.65,96.49,57.26,10,27.93
6.93,2.18,20.9,31.6,675.85,58.23,51.86,1,16.05
4.76,4.43,19.64,16.47,1103.15,63.98,75.79,7,15.49
14.4,2.28,14.47,25.86,745.18,54.88,78.81,7,24.02
11.32,1.57,35.62,31.24,148,69.75,67.52,2,14.19
7.87,4.86,14.55,11.23,818.42,45.08,25.09,11,35.64
11.15,2.14,28.86,15.92,1056.86,52.15,50.54,9,30.85
19.33,1.07,11.93,10.89,867.35,90.13,28.23,6,49.27
4.15,2.81,36.91,9.41,523.18,54.13,30.82,12,27.59
4.66,4,33.34,24.23,589.77,63.15,70.34,2,16.14
20.2,4.63,10.97,28.87,1052.28,78.06,61.87,0,31.06
6.55,4.57,29.17,7.43,509.25,79.06,65.61,0,17.61
20.1,0.63,35.58,30.34,1091,61.83,74.3,6,29.47
1.75,2.27,6.8,20.84,1043.22,81.03,60.61,4,11.14
11.28,1.6,35.66,29.16,487.66,99.31,78.44,3,17.82
22.45,3.54,1.19,7.08,149.83,98.92,71.23,8,23.76
7.92,0.86,26.2,6.22,529.12,53.71,47.42,9,19.85
6.75,2.49,3.18,21.13,48.37,48.51,27.3,4,20.16
13.57,1.26,32.48,25.25,316.23,97.43,28.29,0,35.53
13.46,2.15,31.49,31.58,1107.01,57.48,71.28,3,19.69
6.47,3.57,18.38,33.52,1110.75,65.63,44.66,3,21.25
6.35,4.94,0.15,30.61,1132.5,72.49,77.01,9,19.34
9.56,0.7,18.92,9.17,1175.37,51.19,39.9,9,27.61
16.67,3.49,3.98,6.87,665.72,99.6,77.52,5,18.91
9.91,0.73,22.54,19.4,665.36,50.99,53.8,5,18.83
22,2.17,7.25,34.66,819.92,70.53,61.75,4,29.38
1.59,2.43,2.24,24.96,835.76,64.91,26.2,4,10.19
7.26,0.55,22.89,11.38,381.34,52.88,41.42,3,20.07
23.18,2.8,28.27,32.56,729.98,50.28,79.98,1,27.18
18.08,1.17,2.12,30.26,625.87,82.16,54.06,4,26.47
8.8,1.37,12.96,28.61,1064.96,61.87,74.78,4,15.94
15.4,4.87,19.47,11.39,495.23,43.28,32.94,7,39.88
10.13,1.65,7.97,17.12,807.14,52.28,32.53,3,23.98
24.68,3.48,27.39,26.09,82.15,94.83,55.82,3,28.51
13.55,1.44,28,30.85,727.57,69.93,45.77,5,28.22
6.46,4.21,30.15,6.82,963.75,80.02,54.35,11,27.5
6.43,2.2,23.08,29.94,29.22,84.59,28.33,6,23.06
20.75,0.6,15.2,32.86,127.25,64.42,77.67,5,14.88
13.67,0.64,2.13,14.29,823.19,95.27,64,5,17.65
14.28,3.55,6.85,20.48,1061.83,60.81,77.91,5,20.64
17.61,3.81,14.2,27.81,458.16,73.72,55.75,3,28.99
15.2,1.55,15.04,19.58,402.25,58.72,34.15,1,31.53
15.41,3.78,30.84,31.67,111.88,42.08,37.38,11,37.98
7.48,4.47,13.61,34.95,537.73,99.61,56.33,0,12.38
9.76,1.9,0.18,27.33,1042.76,80.73,45.75,10,21.38
19.53,3.31,35.22,21.51,892.47,66.75,72.72,11,37.23
23.77,3.07,34.41,10.87,645.12,86.95,43.77,3,43.07
5.81,1.63,2.56,17.46,634.49,86.26,37.34,7,16.42
1.74,0.91,26.49,22.55,1106.06,65.18,31.42,1,13.06
8.77,2.58,30.47,34.39,130.02,55.52,46.47,2,18.42
18.32,3.26,16.37,14.84,310.61,78.9,62.76,10,27.17
14.22,2.81,9.61,9.51,1061.4,65.73,62.37,10,25.58
1.19,4.51,15.8,8.23,395.47,75.09,61.81,1,9.43
19.77,4.39,3.49,13.62,1033.43,85.19,47.93,7,38.59
13.18,3.52,13.94,20.06,1175.47,42.6,40.02,10,34.96
1.32,0.83,30.05,24.69,1027.76,61.5,78.05,11,17.88
20.73,1.76,3.42,11.08,493.62,81.74,61.71,0,23.39
10.18,3.2,3.59,22.54,394.77,42.45,59.39,2,16.07
9.65,4.3,29.76,29.87,14.62,81.68,31.41,4,28.88
16.45,1.84,29.05,14.51,353.35,99.91,30.17,11,42.57
24.64,4.07,21.18,7.3,962.19,67.56,52.99,10,45.44
1.37,1.67,13,29.7,701.46,80.49,39.35,6,11.73
22.36,4.37,25.38,9.32,162.04,67.67,55.89,6,34.05
13.3,3.79,37.17,26.01,428.86,58.46,26.01,1,37.9
24.49,2.45,5.73,6.72,160.97,72.97,52.1,5,30.29
10.8,2,16.42,7.09,1091.86,73.28,63.11,4,19.77
16.6,1.53,39.71,25.96,898.91,94.06,63.41,11,32.38
14.51,1.19,39.12,9.8,25.77,73.69,79.36,10,19.72
14.92,1.41,6.92,29.46,905.16,84.83,65.62,6,21.53
4.92,3.07,18.95,19.06,439.52,81.41,69.51,10,16.87
5.77,0.9,4.41,11.49,560.33,49.18,27.63,8,20.33
17.27,4.51,15.01,31.44,559.46,87.19,27.83,8,50.06
9.92,3.61,4.09,25.28,1068.53,40.26,57.89,12,25.24
11.47,4.59,13,12.82,65.63,53.77,25.03,1,33.68
23.36,0.78,15.13,32.48,1186.78,51.64,40.43,2,47.01
20.68,0.53,3.78,18.46,227.51,58.73,79.57,11,21
19.18,2.5,8.61,23.36,549.93,95.8,76.13,1,20.57
14.57,2.58,0.53,13.8,89.28,72.79,31.36,12,29.74
12.3,4.04,17.62,29.47,734.18,64.56,64.98,2,17.75
10.64,1.42,7.57,17.57,192.86,52.78,45.65,10,20.65
5.58,4,15.11,29.59,1124.87,83.52,67.77,7,16.39
19.48,2.23,5.57,23.67,130.03,99.43,32.9,6,39.2
7.24,1.97,26.73,15.03,785.59,53.59,33.97,9,23.04
17.13,4.49,0.61,26.2,1193.43,79.05,59.51,2,26.09
18.52,0.61,34.55,18.04,1125.36,80.16,75.21,12,31.68
6.16,3.58,21.98,23.35,431.18,96.21,76.41,7,12.81
17.96,4.53,25.01,21.95,805.7,64.52,38.13,5,41.86
10.58,3.47,19.72,12.82,989.12,67.89,49.4,2,19.91
13.58,0.98,39.61,10.51,205.42,72.76,75.61,3,18.77
9.25,3.2,7.17,6.03,519.56,74.2,42.46,12,23.5
16.71,4.33,20.61,31.71,1077.65,74.11,75.35,11,30.14
16.89,0.67,2.04,33.5,781.77,80.3,46.03,6,28.93
2.16,3.64,1.18,5.94,274.47,95.06,46.67,7,13.37
11.41,2.98,18.12,19.04,956.17,78.91,78.08,7,23.2
2.25,1.88,6,18.8,371.34,93.32,36.83,1,4.27
7.01,3.31,30.4,11.93,638.45,82.94,39.14,6,24.55
10.07,4.27,14.82,20.78,740.79,87.65,36.93,3,24.26
2.27,1.08,14.39,12.9,873.95,80.65,74.29,11,13.6
12.72,2.9,12.81,33.92,525.51,74.58,64.6,1,15.56
4.2,1.37,13.35,11.21,386.16,76.53,75.13,4,9.56
19.82,0.24,26,6.6,847.01,86.26,28.02,9,54.02
12,2.95,34.4,15.97,423.94,60.26,40.65,5,27.25
11.09,3.33,14.81,24.38,30.23,50.18,65.4,12,19.85
2.6,0.76,28.53,14.33,500.04,86.08,34.33,4,13.41
3.23,2.47,2.57,34.7,1130.44,75.63,30.25,10,16.77
8.1,0.24,1.86,18.7,715.71,53.81,62.39,9,15.62
19.61,1.01,34.98,19.32,583.13,76.55,79.41,10,31.34
20,0.6,17.37,23.11,859.37,55.75,66.24,0,26.52
21.63,3.42,17.8,21.8,449.19,77.25,72.34,12,31.8
7.75,2.43,19.69,16.52,492.56,51.87,49.18,9,21.34
19.23,3.62,13.69,31.36,1160.43,89.63,65.71,11,32.88
17.08,3.94,4.84,11.67,508.87,86.19,46.56,9,32.04
12.2,4.58,36.69,12.08,330.27,40.09,25.23,12,48.09
17.41,3.56,23.74,7.19,709.39,56.4,39.63,4,34.02
2.74,2.91,37.68,13.62,813.22,75.71,27.46,7,18.35
16.54,3.3,5.3,15.15,988.81,40.4,33.2,2,39.54
7.2,4.69,9.16,18.75,1127.53,85.01,71.93,10,21.15
20.72,1.48,6.97,23.82,507.03,46.17,31.74,11,47.82
9.29,4.43,16.86,27.15,184.28,68.66,68.28,7,20.21
6.28,1.12,23.14,29.62,873.21,87.9,67.59,3,11.72
7.37,2.06,13.84,12.56,660.56,51.45,70.5,3,12.64
19.87,2.67,27.63,18.45,52.49,57.75,75.67,3,21.08
22.93,1.99,31.71,31.78,331.96,97.1,25.85,4,60.3
5.43,2.06,14.66,5.29,1104.38,76.69,62.67,0,15.03
24.25,3.54,20.59,23.7,913.58,98.27,74.32,3,29.7
22.77,1.52,31.69,14.6,119.99,68.37,32.8,6,49.1
24.94,1.89,14.4,26.42,453.2,52.17,74.57,1,25.93
4.85,4.33,19.17,20.6,308.23,90.2,41.2,10,18.21
10.9,0.76,9.17,20.48,532.17,98.03,47.14,9,20.32
15.57,2.66,5.03,6.28,103.49,63.87,34.23,0,30.46
22.1,3.61,38.46,18.19,504.94,70.75,36.44,4,51.06
5.52,4.55,23.79,13.92,516.22,92.51,56.7,9,17.73
14.41,1.86,11.94,15.05,1069.74,70.08,44.84,3,26.53
17.94,4.63,18.13,11.84,1124.38,50.16,38.2,4,47.63
3.36,0.52,29.48,17.56,575.04,95.7,45.63,10,9.64
20.33,0.72,0.47,16.34,1193.99,83.53,68.96,1,18.62
8.62,4.44,38.8,10.4,1186.85,70.04,34.05,1,29.6
4.66,3.9,25.67,26.45,665.44,76.32,58.92,2,15.67
22.81,2.47,15.26,14.48,920.85,88.61,71.52,5,25
11.63,0.82,0.54,34.72,194.62,74.3,32.21,12,30.5
12.96,1.8,37.21,34.12,369.97,80.05,75.44,11,24.68
10.39,0.24,4.64,20.58,1177.14,43.44,37.94,11,23.16
10.42,0.72,0.27,30.56,2.32,72.29,46.37,3,11.26
4.94,2.52,22.98,17.29,96.3,92.98,37.25,9,15.51
22.9,1.98,24.56,16.23,353.8,54.56,61.02,2,30.73
18.43,0.45,25.33,8.9,863.28,74.37,76.13,10,23.67
9.99,3.36,35.74,22.26,329.3,47.65,44.52,2,23.19
7.63,1.52,27.31,29.27,172.08,69.74,27.06,8,24.35
13.55,1.78,14.26,26.81,945.98,81.91,32.05,11,36.54
6.91,3.32,34.58,7.44,850.58,55.73,75.01,0,18.15
24.8,0.62,36.21,14.09,650.81,47.57,53.96,0,34
19.62,2.09,16.51,5.83,444.67,53.77,56.88,2,28.97
24.71,3.72,37.54,26.52,417.05,97.46,27.98,2,60.54
24.22,2.87,16.47,24.99,836.61,77.73,53.09,8,39.07
10.52,3.93,3.45,22.65,912.31,55.62,25.9,8,37.19
6.48,4.23,12.73,32.72,879.84,82.93,69.3,9,17.95
16.01,4.67,21.11,12.2,1184.77,79.8,60.43,5,30.9
21.08,4.29,10.36,18.17,181.66,47.53,31.89,0,43.15
9.44,2.24,32.95,21.74,740.69,57.01,71.76,12,25.18
11.95,0.61,0.48,27.3,666.88,54.02,42.57,2,20.4
3.5,3.9,33.6,14.58,344.07,56.87,60.62,11,17.17
8.46,3.92,27.94,30.71,284.19,80.83,76.89,1,13.21
18.58,1.4,3.82,30.68,496.55,69.23,50.05,0,26.85
11.9,4.66,17.63,17.18,1180.1,47.9,67.72,12,28.21
5.14,0.23,35.74,17.26,473.97,99.42,75.91,4,10.19
16.6,0.74,5.42,12.28,589.26,46.55,51.07,9,29.65
4.98,3.73,0.74,17.23,434.61,48.89,73.22,6,13.92
3.39,3.71,30.13,16.32,561.1,88.69,59,12,18.25
1.81,4.39,3.11,34.18,250.63,79.82,39.67,10,10.18
12.1,0.38,31.93,27.33,525.96,60.56,42.69,0,22.87
12.79,3.71,33.29,34.91,519.34,65.61,57.57,9,27.23
23.37,4.17,32.91,33.02,984.95,96.38,71.16,8,33.8
19.73,2.7,8.97,32.55,810.32,41.28,74.82,4,26.09
4,1.9,18.79,29.54,873.22,51.88,63.1,10,16.54
1.36,3.67,30.12,22.44,616.11,62.46,58.95,11,15.2
18.32,2.4,30.94,10.77,1097.02,54.4,42.53,5,37.5
23.74,2.28,26.32,32.93,1191.27,94.02,61.09,7,36.08
13.13,2.7,8.14,32.7,796.15,78.76,37.33,0,26.14
13.54,3.12,10.93,28.57,228.55,56.71,35.44,3,28.04
4.89,2.92,1.47,18.19,728.48,81.38,29.18,0,11.46
14.69,1.14,38.31,5.71,913.45,59.43,60.37,5,29.86
2.07,2.8,25.14,11.14,748.45,42.7,30.52,2,16.8
18.23,1.03,19.28,7.99,627.78,95.67,47.94,3,32.03
22.09,2.58,1.44,30.06,1012.37,70.59,63.35,4,26.24
14.47,2.87,14.35,12.7,192.43,97.65,25.04,10,43.82
7.51,0.27,35.51,33.66,322.42,57.34,40.45,5,17.85
12.5,2.38,1.66,30.42,621.73,55.37,72.83,4,19.13
6.54,4.93,0.46,22.79,994.75,95.32,64.05,5,15.43
22.92,3.85,26.45,16.42,299.05,53.68,45.81,10,44.39
16.31,1.32,23.87,28.72,848.6,44.75,61.35,8,30.89
8.66,2.23,27.28,10.56,556.45,94.05,65.5,1,16.33
22.83,0.25,38.63,12.25,967.36,98.97,32.52,10,53.01
1.39,4.12,1.6,27.51,890.74,48.23,37,5,14.03
24.28,4.37,12.77,18.41,224.57,60.46,61.78,2,28.42
1.37,2.85,27.17,33.95,76.5,54.56,46.82,10,12.53
16.91,0.81,13.16,8.49,1112.94,72.09,76.56,3,16.68
6.53,4.49,15.38,24.13,676.12,44.24,36.68,11,29.88
6.69,2.37,36.65,14.09,244.43,77.23,73.04,1,11.92
4.49,0.67,4.19,14.72,374.57,66.47,35.61,4,9.54
13.76,4.85,30.18,24.99,196.71,84.64,53.56,9,28.64
20.01,4.64,8.75,20.81,56.01,53.12,61.87,11,27.52
10.44,3.14,36.29,21.39,653.9,49.08,37.33,1,26.14
22.27,3.84,1.85,9.48,62.29,52.32,45.27,10,39.52
24.54,3.46,33.19,31.26,358.36,99.41,57.5,0,31.59
8.73,4.05,28.19,16.42,614.42,84.07,66.36,0,17
19.85,1.38,38.7,15.98,518.32,59.16,60.55,3,33.15
5.42,3.71,24.17,27.12,316.59,79.25,59.49,5,18.06
9.27,4.87,22.93,19.48,397.6,70.18,44.76,10,24.38
4.03,2.27,10.91,7.09,460.76,68,30.27,0,10.64
23.46,2.41,14.57,19.04,863.68,94.38,66.88,6,30.61
7.05,2.95,38.37,32.36,844.73,46.97,76.87,6,15.45
4.1,3.18,22.96,5.13,886.11,94.03,38.19,9,22.58
7.75,0.34,13.55,7.38,757.53,49.77,26.41,4,25.64
2.43,1.97,31.54,33.69,345.24,71.94,60.81,9,13.08
4.49,2.8,17.26,11.2,556.51,44.99,35.65,11,19.3
10.03,0.79,24.69,25.95,318.92,83.85,53.73,4,15.39
17.05,3.7,28.57,27.97,542.4,72.14,73.38,0,23.61
20.95,3.23,18.94,24.69,448.7,76.12,42.1,4,36.48
18.6,2.27,9.31,26.67,438.57,82.44,46.31,2,25.32
2.49,1.11,18.71,7.61,571.32,94.47,78.38,4,13.23
17.26,1.41,28.14,13.73,548.74,69.32,46.87,10,32.92
3.27,3.93,22.68,5.03,948.59,76.17,59.8,7,14.87
8.9,0.24,23.68,22.96,1157.25,58.83,68.3,9,17.08
4.88,4.47,36.35,21.86,634.01,50.65,29.53,8,26.1
11.3,4.34,35.51,31.81,363.64,54.4,76.46,12,26.69
3.13,2.65,33.27,12.75,414.36,83.52,41.51,4,14.77
21.71,2.31,25.12,31.95,23.99,69.61,65.31,12,32.94
15.83,3.09,36.41,30.86,716.85,95.15,30.28,4,48.86
7.11,2.43,35.94,21.57,1166.64,99.16,40.46,9,27.2
2.18,3.42,7.69,23.48,314.08,88.44,64.49,0,3.62
12.84,0.79,6.13,34.29,945.29,78.55,42.36,8,28.75
21.55,0.38,6.18,9.22,819.83,81.16,35.15,0,39.15
6.96,0.37,27.69,11.61,78.5,53.08,30.37,6,22.14
12.37,0.74,21.69,13.95,329.55,78.42,36.66,5,28.88
3.88,1.57,20.3,11.21,381.36,57.57,33.41,2,10.06
10.52,4.76,18.68,11.14,1111.12,55.56,32.39,11,37.51
4.38,1.26,35.86,7.87,1098.98,70.37,75.89,0,12.55
8.11,3.46,24.82,10.17,1041.82,87.62,30.96,5,27.6
12.17,4.82,17.92,19.8,638.28,46.03,33.01,12,39.67
13.11,1.86,22.36,25.49,310.98,60.15,35.98,2,30
13.49,2.26,5.75,22.43,1038.83,48.52,71.89,12,26.14
12.92,0.21,17.64,8.27,134.82,90.36,43.91,0,22.3
20.63,3.53,0.64,34.36,549.02,62.24,54.14,3,29.2
23.08,2.43,10.85,8.47,1085.6,93.77,51.65,4,36.36
5.24,0.61,14.25,5.75,825.48,45.85,56.5,12,19.35
2.66,4.33,33.1,13.98,471.05,94.45,68.22,4,15.37
22.2,3.87,2.52,15.19,1056.08,72.23,52.95,11,36.24
9.17,4.85,6.07,29.02,117.17,67.04,37.88,11,26.68
20.94,0.98,26.13,31.84,360.42,42.77,29.24,7,54.53
20,3.32,29.44,34.36,460.32,44.98,37.74,11,46.49
5.85,0.3,25.36,20.8,531.24,75.03,79.29,4,14.04
19.13,0.99,15.45,29.26,452.37,51.37,75.93,12,25.38
10.03,3.88,38.16,26.56,214.86,42.31,56.06,4,25.26
23.8,0.78,5.57,14.91,684.98,90.35,38.39,8,47.21
18.65,3.85,6.63,9.23,567.76,97.16,73.58,2,19.08
12.5,4.97,10.39,19.93,429.97,81.38,29.98,8,38.41
12.62,3.38,7.66,8.7,1056.17,80.01,45.02,9,31.29
20.52,2.94,13.24,10.64,887.02,62.16,79.38,8,26.47
13.48,4.72,23.83,12.08,289.64,90.86,26.21,11,45.57
5.81,2.57,21.64,10.18,1043.72,79.37,48.48,2,14
21.93,4.3,39.87,33.6,989.12,98.11,53.41,7,44.19
7.95,0.46,38.62,8.76,965.16,42.39,45.01,0,17.23
14.83,4.82,19.34,8.46,927.43,74.09,64.88,7,27.17
23.5,1.27,25.41,32.31,9.43,84.4,66.76,9,25.83
9.56,2,17.08,8.15,675.05,96.89,45.97,10,25.16
9.55,2.9,33.7,23.18,370.11,73,63.86,6,22.67
8.58,4.86,17.17,18.7,201.85,45.39,40.04,8,27.28
24.51,0.64,22.07,11.34,326.84,90.51,45.12,1,34.86
11.32,1.51,7.56,8.38,361.52,73.05,75.83,0,9.31
16.79,1.18,28.47,30.2,465.67,79.26,75.44,4,23.15
13.22,4.89,24.05,12.34,823.21,47.63,52.58,9,28.64
3.33,4.07,17.79,7.39,932.06,67.53,38.37,3,15.95
15.54,4.88,10.13,26.26,863.21,53.95,74.34,11,28.95
19.67,1.7,19.87,21.5,300.86,53.63,57.77,3,29.05
21.09,0.81,0.87,9.44,558.92,76.76,76.47,8,26.39
4.35,3.84,15.13,10.94,502.39,78.65,37.98,6,15.32
12.27,4.06,17.33,13.85,1166.26,93.48,60.83,9,29.08
15.14,1.03,6.55,16.53,416.31,48.89,72.53,12,21.77
21.1,3.47,23.28,8.9,83,51.52,56.48,12,35.39
9.96,1.74,25.41,15.24,318.48,96.09,32.29,2,21.84
8.78,0.29,37.4,19.31,906.58,42.88,61.5,1,17.24
9.32,0.63,16.55,20.45,366.51,88.62,57.35,5,14.77
3.02,0.41,1.6,32.73,1079.46,47.39,47.09,2,6.72
14.81,0.52,7.89,20.31,426.57,99.96,42.51,4,22.46
2.18,4.59,0.27,14.69,733.49,71.61,76.18,2,7.09
5.79,3.63,0.39,25.34,675.3,89.28,48.58,11,14.97
18.34,4.18,2.86,26.17,206.67,72.21,38.57,7,37.08
24.11,4,20.35,17.62,567.99,77.9,65.45,6,34.17
6.19,3.24,3.68,6.12,828.34,90.2,78.98,1,8.45
18.19,2.73,30.83,8.44,1166.54,61.33,71.23,2,29.78
20.52,1.88,25.59,8.57,231.85,71.31,59.24,5,28.79
16.08,2.92,15.94,28.07,974.77,75.67,77.07,12,26.25
4.09,4.24,11.1,16.02,782.34,42.48,41.14,3,15.38
2.93,0.86,18.08,34.57,1101.63,85.33,40.27,2,8.39
18.18,4.51,29.96,5.29,477.6,55.25,43.82,9,40.53
7.15,2.69,36.33,33.04,390.9,86.55,51.69,6,19.6
8.33,2.12,12.84,6.73,1081.12,52.37,33.03,5,23.78
19.87,3.43,6.46,5.42,1150.16,94.21,47.6,0,30.48
11.32,1.31,34.71,31.33,1172.75,56.44,28.69,5,39.25
19.44,0.22,23.74,32.05,22.67,68.85,67.32,6,23.1
4.14,0.36,36.55,26.62,826.36,93.69,78.36,12,17.92
7.9,4.94,11.51,25.5,169.7,91.05,44.53,3,17.48
17.98,3.14,27.35,8.36,436.88,44.54,31.26,12,50.39
20.49,0.73,10.25,27.36,5.42,75.51,68.56,9,21.55
18.18,4.84,22.42,29.23,796.42,83.99,30.97,1,48.23
14.11,2.22,19.56,5.19,648.46,88.06,69.36,6,19.46
18.93,4.17,27.66,31.93,1139.28,99.33,77.85,4,26.56
12.63,0.92,19.72,26.34,77.84,64.38,45.12,2,18.77
2.17,0.99,33.83,7.06,392.47,86.14,73.41,11,14.93
14.04,2.82,3.21,12.86,1003.57,82,65.25,4,18.88
3.76,2.6,20.46,6.34,790.64,68.75,63.79,1,13.41
15.1,1.64,10.79,15.84,413.74,62.6,58.15,1,21.93
10.96,4.29,8.05,21.85,134.09,80.66,69.87,4,12.87
6.5,0.71,21.05,27.2,1118.23,86.04,27.43,11,28.56
6.15,0.35,1.67,6.6,653.31,70.53,73.02,1,8.29
20.97,3.74,6.3,26.29,1148.96,95.63,54.66,5,35.76
7.73,3.39,5.8,27.47,1097.03,79.97,60.89,11,18.84
24.44,3.39,29.99,20.33,581.18,72.2,53.34,2,36.32
17.58,4.96,16.49,14.99,1035.23,44.23,35.37,1,39.12
10.81,1.36,27.96,34.42,725.92,46.89,50.7,10,25.37
19.28,1.42,4.39,8.61,385.1,51.51,69.1,1,15.29
15.62,4.5,28.65,11.85,615.79,91.49,76.29,12,31.21
3.61,2.85,35.89,13.52,318.76,82.06,73.79,7,14.28
19.34,0.31,15.89,11.78,148.27,62.72,45.8,9,31.46
10.9,1.75,25.09,24.45,922.94,96.94,63.27,6,23.59
12.61,3.09,1.42,25.6,411.78,60.52,59.39,5,20.1
13.54,4.27,2.51,15.21,635.9,96.19,57.5,10,25.73
11.32,4.34,12.03,16.57,475.3,45.33,64.59,9,19.63
9.28,3.75,24.71,24.52,632.58,74.6,64.84,2,18.61
15.89,4.63,16.74,13.72,291.72,46.75,61.82,7,23.89
9.38,2.73,11.88,31.61,206.81,45.77,32.08,7,26.37
23.05,4.19,31.9,22.03,1174.76,68.44,46.48,12,47.39
6.02,0.28,33.07,13.31,218.22,80.67,52.57,1,9.18
1.2,0.86,3.68,6.85,595.17,92.69,60.97,11,10.71
1.92,2.07,22.78,17.21,15.5,63.32,38,11,11.7
8.11,4.3,12.87,28.27,429.14,91.59,32.71,4,20.99
13.91,4.86,1.86,11.4,1185.1,67.47,54.77,4,27.9
21.96,1.42,12.5,28.32,205.8,53.68,59.09,12,33.84
7.4,2.32,9.28,7.29,1065.6,41.99,46.52,11,25.14
13.08,0.95,39.55,34.82,723.14,58.33,56.26,6,30.19
7.85,2.48,30.5,6.51,448.3,45.59,60.04,1,17.15
10.16,4.63,4.66,11.77,610.99,69.57,67.29,7,17.65
4.21,4.39,0.68,20.28,96.84,51.4,62.48,7,10.63
1.16,2.26,15.15,31.12,710.14,94.75,77.62,7,10.75
2.03,1.69,18.8,21.07,325.72,86.59,53.69,10,13.12
14.35,4.84,10.75,9.5,894.43,87.11,38.91,3,31.59
23.31,0.28,19.64,15.79,728.2,79.94,79.49,2,23
5.17,3.12,32.91,8.4,101.33,61.46,35.35,1,13.52
8.96,2.33,38.27,29.19,766.43,88.11,44.58,4,24.39
16.62,2.41,38.21,15.83,79.47,60.2,76.6,4,21.57
2.09,2.1,13.1,14.33,502.79,57.42,68.65,8,8.93
19.12,2.95,34.13,14.98,92.48,65.37,55.33,4,29.63
7.99,4.37,18.22,17.87,685.55,46.37,43.64,7,26.1
9.86,2.98,19.99,31.06,552.44,91.07,70.27,1,15.33
1.84,1.71,19.8,28.97,312.01,41.37,41.91,5,9.1
12.97,3.43,38.68,34.8,1148.54,54.03,44.85,10,35.75
13.37,1.37,15.77,8.85,298.98,73.22,46.89,12,28.44
15.14,4.73,8.39,22.5,763.08,76.75,46.61,5,27.75
4.04,4.91,34.42,6.13,70.93,83.92,44.03,6,18.88
16.87,0.78,8.26,25.29,72.47,62.98,77.34,10,17.54
11.23,3.13,16.62,7.05,776.49,60.23,76.49,2,14.49
21.54,3.51,8.7,23.32,342.5,72.9,66.48,7,25.03
16.14,0.8,20.89,13.69,477.42,52.48,48.63,5,27.99
23.54,0.75,14.13,21.18,393.86,98.17,36.83,11,46.02
20.67,0.63,6.05,30.18,1092.24,69.34,68.75,3,26.07
15.01,4.35,22.79,16.25,168.52,75.34,64.98,9,24.28
20.08,3.1,26.73,33.8,313.54,74.24,79.21,2,23.28
17.29,1.84,7.14,11.46,189.25,52.26,64.69,6,18.36
18.57,3.92,27.26,20.99,630,64.2,51.19,8,33.6
15.76,4.54,30.32,29.92,705.8,76.66,55.47,4,25.24
6.65,1.44,12.58,26.18,103.96,50.1,64.17,1,10.45
13.33,0.92,5.97,30.97,213.22,89.76,43.34,3,22.78
8.76,1.9,11.23,20.37,541.81,72.17,79.11,0,11.82
13.93,0.63,3.45,29.58,673.11,65.24,61.65,10,21.85
5.67,2.18,38.52,6.6,416.44,91.52,69.58,10,14.79
3.91,0.48,32.5,5.01,386.41,48.78,65.18,5,14.63
14.25,4.88,21.52,26.95,780.2,61.31,57.54,9,30.64
24.73,2.2,28.89,15.5,28.44,98.54,43.46,11,45.33
2.91,0.95,24.89,26.81,269.92,76.83,54.75,4,10.63
6.16,2.48,35.98,20.99,1147.34,57.19,62.69,7,22.75
1.5,0.82,29.71,28.34,817.2,83.89,69.26,2,8.12
12.42,4.17,21.76,21.48,1013.6,89.76,53.95,6,29.81
21.48,4.79,32.96,32.88,476.46,96.57,42.26,5,43.57
8.65,2.44,16.7,27.53,30.38,61.4,79.56,0,7.19
12.09,0.23,32.34,12.32,762.47,49.3,37.86,5,30.34
20.6,0.56,18.63,28.01,491.22,93.22,40.93,6,35.39
18.76,2.35,34.33,28.39,395.48,62.65,75.79,5,29.71
7.54,4.26,33.64,13.23,1006.13,53.55,43.18,12,28.97
8.3,4.34,33.73,6.73,842.29,97.3,51.74,0,19.61
2.18,3.78,23.48,7.44,479.44,82.43,46.37,11,13.04
17.34,3.64,39.22,5.08,415.02,99.57,58.54,4,30.31
24.91,0.64,30.37,22.19,300.73,81.81,44.08,2,38.54
15.46,4.76,37.38,34.7,70.99,57.1,41.13,6,31.56
20.57,0.86,20.34,26.73,450.96,40.73,60.29,9,26.08
20.24,1.61,14.48,20.98,790.5,48.07,49.26,2,35.5
11.53,0.77,27.48,34.95,1015.43,91.99,38.12,3,28.3
18.02,4.45,19.78,6.8,412.53,70.68,57.62,4,25.34
15.06,4.15,14.23,13.49,769.55,68.28,78.69,11,24.34
22.37,1.79,9.45,16.23,487.95,46.59,72.44,7,27.32
9.19,3.56,2.2,7.81,549.48,56.58,55.36,3,17.47
22.93,1.59,2.55,26.46,54.3,95.94,47.92,11,31.23
22.59,2.59,22.72,27.52,750.39,56.22,67.61,1,27.83
17.98,4.13,23,6.97,796.58,78.88,32.38,10,45.71
9.04,4.16,16.84,34.97,878.74,97.03,50.04,3,19.8
22.6,4.33,14.43,27.42,635.46,85.38,25.43,4,64.93
11.01,2.04,31.72,14.24,338.12,41.79,33.83,8,32.12
3.13,0.22,36.23,18.26,529.26,79.19,71.24,10,17.29
18.03,1.6,38.69,19.2,316.48,53.63,43.78,5,36.98
4.49,4.21,33.65,21.98,1104.87,77.59,50.15,12,22.54
12.95,2.89,33.68,13.96,1157.01,82.16,69.19,12,31.45
15.02,3.18,20.47,16.45,412.08,75.17,75.82,9,22.01
8.18,4.28,8.37,32.2,363.59,95.87,68.83,8,16.31
2.02,3.44,3.56,30.86,1060.37,50.38,55.77,9,13.11
18.88,3.74,14.64,19.7,969.83,86.48,56.42,3,32.03
9.79,0.25,30.98,12.19,25.36,86.81,65.25,3,15.74
12.67,3.42,30.04,30.91,215.74,57.42,74.15,1,19.06
6.54,3.47,24.76,8.74,206.6,82.3,37.14,4,19.97
9.63,2.32,29.86,27.48,1177.49,65.99,57.94,6,24.16
21.34,4.14,21.04,5.87,1091.13,74.52,73.3,8,32.01
18.57,1.41,36.02,17.44,506.45,63.31,46.48,6,38.51
15.93,0.53,29.44,15.04,634.55,94.96,77.2,5,21.86
10.81,1.99,4.77,17.31,912.33,42.45,25.8,8,37.62
11.35,4.76,17.57,24.07,461.96,57.82,31.83,2,29.32
19.6,3.99,34.95,11.7,237.26,45.64,62.55,10,33.78
24.17,1.58,21.12,29.79,14.82,63.34,63.62,0,25.23
24.96,1.7,34.08,28.1,615.79,73.96,66.04,3,30.56
17.26,2.12,12.68,7.96,1153.29,88.65,58.8,4,28.1
9.57,3.45,34.06,7.81,8.63,81.98,39.4,7,22.47
10.13,2.18,3.81,8.1,265.13,86.44,41.87,0,12.79
1.85,1.28,22.21,6.87,1001.63,54.61,68.35,11,14.09
20.4,1.86,8.09,29.32,64.85,90.21,43.09,6,34.14
18.21,2.46,30.7,26.51,119.92,73.77,72.68,6,24.09
22.96,4.47,30.3,33,1084.29,90.9,56.63,3,37.26
15.9,3.94,32.96,6.33,764.42,91.37,37.25,5,40.98
8.33,3.87,27.62,9.54,340.39,77.31,48.21,5,22.75
20.86,2.12,28.96,25.9,958.84,63.09,78.45,6,30.99
19.98,1.06,12.59,12.6,979.93,91.52,45.4,11,37.75
4.34,2.72,26.7,19.78,1062.88,61.9,42.86,4,16.77
17,0.72,25.12,16.52,897.39,67.89,35.93,1,36.1
20.07,4.68,29.74,21.89,979.05,47.58,40.67,12,49.62
5.82,0.23,4.05,34.66,170.97,42.08,55.6,7,11.85
23.57,4.6,12.94,13.43,130.77,73.09,56.16,1,28.76
21.78,0.62,10.99,9.97,944.72,51.01,74.29,8,29.14
3.03,2.54,30.05,24.54,539.12,58.67,51.12,6,15.06
12.32,1.74,8.95,28.28,292.75,70.97,25.41,12,36.26
18.12,1.91,7.24,20.57,419.2,40.35,63.49,12,29
9.19,2.46,1.22,11.23,265.6,55,51.45,5,11.9
20.02,2.72,24.59,19.87,580.81,98.21,43.18,4,34.73
12.58,0.25,29.17,30.52,648.51,80.62,68.06,10,22.65
22.87,3.82,6.15,25.94,527.97,79.22,70.69,12,28.76
12.74,4.82,27.33,7.97,943.85,92.81,67.33,0,21.34
16.51,4.17,28.94,21.84,1162.27,67.05,66.1,7,29.89
17.37,1.24,0.12,30.19,388.88,63.27,65.71,7,22.4
12.99,1.3,27.07,16.05,1127.85,52.5,34.56,8,35.16
10.99,4.72,34.46,26.27,373.61,77.28,28.08,11,35.76
18.59,3.24,39.11,9.2,833.11,56.81,36.5,7,47.54
19.29,1.56,26.09,20.68,755.06,88.31,32.72,2,44.98
14.88,1.5,27.2,15.43,370.18,76.05,57.76,1,19.05
20.53,4.7,25.36,11.76,283.29,56.19,55.82,0,31.27
8.09,0.57,19.23,26,640.04,99.66,41.4,10,18.57
1.85,4.59,31.93,22.6,653.5,67.4,50.17,4,13.42
21.98,1.12,32.87,26.61,223.57,47.97,52.73,9,33.89
24.87,0.6,15.14,23.56,835,87.05,52.1,12,41.18
18.13,1.73,20.39,9.98,604.35,40.51,64.29,0,26.07
24.61,1.62,24.27,30.77,16.24,76.25,27.7,3,60.74
4.36,3.99,5.6,16.07,391.74,70.81,45.62,4,11.48
6.91,4.67,10.44,34.54,152.94,44.59,77.21,5,11.35
7.17,4.7,26.13,18.11,20.91,69.98,33.56,5,18.23
10.4,1.23,36.21,33.16,91.31,63.16,65.4,9,16.99
4.19,1.62,2.13,24.68,584.77,45.06,74.65,10,14.36
18.08,4.1,11.76,8.56,998.63,97.13,45.33,5,35.9
16.3,4.18,22.65,13.65,917.1,70.35,74.1,1,24.23
21.62,4.87,34.37,20.75,352.94,81.87,38.83,7,41.82
1.62,4.14,2.14,10.42,714.03,60.1,46.99,9,12.2
8.75,0.29,1.06,13.62,119.58,48.22,77.31,3,8.39
12.79,3.9,5.92,22.96,429.35,50.43,79.55,9,19.8
15.11,0.24,10.96,10.27,218.19,95.04,66.3,9,17.62
23.81,2.28,31.06,13.76,231.89,65.86,39.41,6,44.88
23.81,0.92,20.91,17.19,629.65,71.92,47.83,7,37.8
9.52,3.61,35.34,18.27,775.83,48.14,54.65,1,18.79
23.31,4.5,39.2,8.53,97.72,54.1,56.18,3,34.95
8.51,0.47,26.77,18.17,1157.39,94.07,63.22,12,20.44
12.26,1.07,7.92,11.9,799.3,64.1,52.84,8,23.45
15.88,3.22,30.23,25.56,1068.66,78.57,36.85,12,44.84
15.59,2.71,4.34,23.57,427.46,58.94,70.99,5,23.4
12.73,1.03,11.97,29.52,723.69,56.52,59.42,5,20.9
11.4,1.61,27.07,9.48,1170.39,92.73,35.5,4,27.8
12.96,3.97,9.57,17.22,221.48,90.55,74.8,4,12.15
14.81,2.01,27.53,31.65,1099.68,65.14,75.27,0,21.52
16.69,3.11,16.69,31.33,723.21,93.93,47.82,12,34.91
11.07,0.78,2.5,23.28,161.2,49.73,32.03,11,30.04
18.97,2.53,8.06,5.13,870.92,55.75,33.59,0,40.36
13.69,1.78,15.61,12.12,958.48,76.86,54.82,10,27.48
8.73,2.43,1.08,7.74,1029.26,80.24,56.32,5,18.4
18.37,1.51,38.21,32.5,1175.94,71.67,58.84,11,33.35
11.83,3.07,3.87,20.61,512.17,96.77,56.32,7,18.64
14.19,0.97,27.34,19.89,612.1,68.71,72.76,10,21.38
24.23,3.35,29.74,21.04,988.2,42.8,28.18,0,60.33
10.26,3.62,2.79,9.36,329.95,91.29,36.28,4,23.04
14.9,1.85,4.05,24.15,130.58,92.02,70.42,4,13.32
8.05,4.29,22.9,10.53,1136.73,95.23,29.25,5,29.61
24.23,2.23,38.77,9.83,562.27,77.67,78.69,11,31.69
5.65,3.87,23.55,24.86,695.06,62.48,49.77,8,19.66
21.33,4.64,39.48,17.46,283.43,56.24,25.6,12,65.09
24.06,3.28,16.19,20.01,963.55,94.97,32.22,1,52.68
9.45,4.14,28.27,12.28,1191.55,63.46,29.22,4,34.34
4.69,4.8,8.14,17.58,239.38,55.02,75.55,8,16.47
21.25,0.44,25.32,15.55,298.03,41.97,51.06,4,34.19
18.98,3.32,17.99,16.54,353.31,49.2,69.36,1,24.65
8.54,4.21,15.76,29.43,59.74,72.88,53.36,0,13.91
7.11,4.66,6.08,26.08,130.46,62.6,39.14,9,20.19
1.76,1.23,0.06,22.93,1110.7,49.82,55.15,0,5.98
3.22,1.87,13.35,13.06,862.52,43.74,46.89,5,12.19
5.11,0.25,5.62,34.68,544.7,44.86,46.87,1,9.36
22.37,1.17,33.01,22.78,182.85,90.22,49.68,5,34.91
12.89,2.97,11.59,6.23,352.94,51.3,72.71,10,20.19
19.97,3.6,33.06,30.08,1011.46,66.48,76.67,12,39.34
21.26,1.65,19.53,5.83,619.1,86.53,53.46,4,31.82
23.95,4.26,32.18,17.26,274.24,44.56,79.53,4,26.81
21.37,1.95,33.84,10.04,589.86,90.43,48.77,6,35.85
4.5,2.89,21.58,29.41,1047.01,67.95,78,8,13.65
14.78,2.55,21.3,6.04,186.06,52.57,34.67,8,34.28
11.13,3.79,9.2,19.97,1163.9,48.28,77.1,3,20.12
16.07,3.35,29.51,34.04,1066.07,49.56,78.04,9,30.81
3.47,4.77,34.51,28.87,1112.97,99.76,27.56,0,14.53
12.31,1.44,4.32,28.1,1150.92,57.36,34.93,9,30.57
23.09,4.23,14.8,29.82,354.71,80.2,25.51,6,63.64
22.28,2.16,19.03,8.85,127.99,73.66,50.14,1,31.15
8.66,1.47,6.83,10.91,621.05,58.51,61.55,10,21.62
12.5,4.71,13.77,23.2,262.79,58.88,55.55,4,19.34
5.81,3.8,8.69,32.86,670.02,49.97,49.09,7,16.78
13.2,1.92,15.64,5.56,838.82,87.6,73.56,0,17.92
21.42,4.77,18.98,21.27,146.28,84.59,28.55,12,57.26
23.26,4.37,7.85,16.44,11.23,77.66,40.3,6,43.75
14.82,0.88,38.98,9.25,749.18,93.93,57.7,7,29.21
21.14,3.25,29.34,21.56,80.25,73.23,41.56,12,42.22
20.88,1.83,36.12,14.3,691.13,51.29,77.89,10,29.01
16.73,2.75,3.69,11.89,482.92,82.41,67.74,12,27.73
23.09,3.17,27.6,22.05,1004.25,58.72,51.59,1,40.64
7.38,2.73,34.21,21.4,809.98,78.52,30.18,0,22.17
4.3,1.64,19.49,20.67,206.99,48.5,29.22,1,12.08
14.2,4.39,31.38,15.49,1022.86,56.31,64.02,10,33.29
19.01,2.57,33.46,27.35,528.29,76.13,75.99,11,29.06
21.85,3.68,1.82,23.87,733.61,83.98,57.39,11,34.22
24.32,2.92,34.52,28.14,742.65,51.62,44.5,6,46.08
20.24,1.82,13.56,27.85,197.04,45.59,49.39,10,35.75
4.15,3.89,4.36,11.64,609.64,40.93,34.44,1,14.8
5.93,2.74,15.9,28.09,1060.55,42.44,28.07,1,18.57
1.29,2.42,32.03,6.63,279.52,87.53,71.35,12,10.15
14.95,0.44,9.54,23.91,1128.31,51.12,40.05,10,31.74
3.11,2.95,12.06,21.48,765.54,73.76,62.68,12,13.54
23.56,4.09,9.73,20.05,110.22,48.15,30.43,12,60.1
21.53,4.82,33.74,22.87,517.25,70.2,41.97,10,43.51
1.84,3.62,11.65,30.57,820.71,68.96,78.68,12,16.9
21.04,4.21,34.5,14.38,747.56,41.34,40.84,8,48.03
6.98,0.34,3.99,9.91,1195.22,63.98,78.06,11,16.54
16.79,4.77,30.55,23.19,312.74,45.42,58,4,29.24
12.28,1.02,4.87,6.28,503.76,83.33,68.57,9,18.59
14.26,0.35,7.18,33.17,1131.53,53.34,28.61,12,40.54
15.38,1.78,3,29.17,1010.88,95.87,62.61,11,27.29
16.97,1.09,26.8,34.76,22.03,73.92,44.7,7,30.62
20.78,3.78,28.48,14.33,695.39,57.56,38.07,6,45.11
7.02,4.45,13.15,8.41,572.87,97.53,50.89,9,21.56
3.81,3.28,5.91,18.1,315.03,98.7,69.13,11,16.91
10.47,2.66,16.02,30.81,687.57,48.6,55.65,12,26.49
8.38,2.82,31.19,10.21,826.79,82.14,25.78,6,33.22
2.02,0.45,15.58,30.08,111.47,62.52,37.67,11,8.79
4.24,0.96,32.25,21.55,697.76,60.94,64.38,3,15.74
6.45,0.25,10.58,16.13,584.11,85.71,33.25,7,18.13
4.53,3.54,22.16,16.52,410.78,50.93,64.51,4,11.82
16.72,3.18,35.52,19.81,187.37,77.06,47.39,3,31.4
10.56,0.85,24.76,30.36,1108.15,64.24,36.54,5,28.16
22.94,4.95,9.42,21.25,924.75,84.67,46.84,3,38.89
21.93,0.86,25.1,16.43,72.09,67.34,70.41,8,26.95
20.26,4.94,29.16,26.47,139.05,53.33,25.83,9,63.43
21.56,3.28,12.99,8.94,578.35,44.43,59.04,5,32.02
13.81,0.59,29.27,15.46,533.01,48.09,59.53,11,25.9
12.47,3.56,21.96,24.57,617.02,65.16,31.15,6,36.69
6.42,1.44,32.96,13.93,333.78,97.1,66.86,7,18.96
15.49,0.29,37.57,20.46,781.06,56.81,67.65,10,29.14
5.24,3.74,33.76,34.92,1192.33,48.6,51.73,10,21.3
16.29,1.32,10.95,18.87,70.59,49.28,58.35,8,25.04

